Image Filename,Image URL,Product Link
ebay_images/image_1_0.png,https://ir.ebaystatic.com/rs/v/fxxj3ttftm5ltcqnto1o4baovyl.png,https://ebay.com/itm/123456?itmmeta=012DEW30YG0MEEKND7NH&hash=item123546:g:acwAA9KNiJowH:sc:ShippingMethodStandard!95008!US!-1&itmprp=enc%3AbgepL1tlUHjMGCVfSTGJh%2BzsVKeJ3CQk7NizDI4BZeppuFnmyS6Ijyp8lh%2FnEw%2BWqO7uTV1Q6izE1R0T54aV8j71F4xlWfVcGft4%2FiOQhtqVXA1rW6M1atPARQRmhqUxtEPJKhKtSFgI%2Bvwlzb0GwVCtkp%3ABlBMUObkmabpYw
ebay_images/image_1_1.png,https://ir.ebaystatic.com/rs/v/fxxj3ttftm5ltcqnto1o4baovyl.png,https://ebay.com/itm/123456?itmmeta=012DEW30YG0MEEKND7NH&hash=item123546:g:acwAA9KNiJowH:sc:ShippingMethodStandard!95008!US!-1&itmprp=enc%3AbgepL1tlUHjMGCVfSTGJh%2BzsVKeJ3CQk7NizDI4BZeppuFnmyS6Ijyp8lh%2FnEw%2BWqO7uTV1Q6izE1R0T54aV8j71F4xlWfVcGft4%2FiOQhtqVXA1rW6M1atPARQRmhqUxtEPJKhKtSFgI%2Bvwlzb0GwVCtkp%3ABlBMUObkmabpYw
ebay_images/image_1_2.png,https://i.ebayimg.com/images/g/Qw0AAOSwfqBnPMpo/s-l500.webp,https://www.ebay.com/itm/235837546554?_skw=furniture&itmmeta=01JNWWS70H7N0TXKC73JE19GKP&hash=item36e903603a%3Ag%3AQw0AAOSwfqBnPMpo&itmprp=enc%3AAQAKAAAAwFkggFvd1GGDu0w3yXCmi1eGXQ90Vci9EwOdY4LVvSkNfljdLkcEnORgytrM6Xz6o%2FoRUMtrb%2FkI6uT5suAInFrkf6MGP8FdX%2BL2gtnU0TZGS7sfRlRdAsYskOimHq8ZZK2x7Is%2BQpSrztLLMRFP%2BadSsLhVI1IK%2BWKxtALHzs48CfzMQfme5N----W9M1XAbihOCBKLgRwSBOmQcsMg37Bx4xV7Q9%2B9LtHh3l9qMBVQ8uUDUwr1LvFe%2FcYIHLzP%2FA%3D%3D%7Ctkp%3ABlBMULbw5JyvZQ&LH_ItemCondition=2500
ebay_images/image_1_3.png,https://i.ebayimg.com/images/g/FbkAAOSwLgZnuOiw/s-l500.webp,https://www.ebay.com/itm/267166675599?_skw=furniture&itmmeta=01JNWWS70HE80HHDY08N9WDW4A&hash=item3e345ff28f%3Ag%3AFbkAAOSwLgZnuOiw&itmprp=enc%3AAQAKAAAAwFkggFvd1GGDu0w3yXCmi1eyH15bbVpqWKPWKA%2FS4wL8wwFz1Ja6u%2B1L8oklloVfs2oyzPzNxc3uMzW8p67x3jd4NnJ%2FNyuT%2Ff%2B21hGKAWP2Sf4ZaZUkQg0Hlz4ueLvI%2B7Zmeh8OZsPG2y20ASRRdkmNGTRJkgDoLStgxGK99mRDjDU1wQWp0tvOlz55EQPJ49JdoERSN2d1DzNiGffRpQTbloNVjBNIJNUr2bt%2B5%2FYY8JcOPeVgJs2l3kmBVxKGRA%3D%3D%7Ctkp%3ABlBMULbw5JyvZQ&LH_ItemCondition=2500
ebay_images/image_1_4.png,https://i.ebayimg.com/images/g/nb8AAeSwAr9nrkBB/s-l500.webp,https://www.ebay.com/itm/387939326081?_skw=furniture&itmmeta=01JNWWS70HWNY22PEARTQFE1P9&hash=item5a52fc5881%3Ag%3Anb8AAeSwAr9nrkBB&itmprp=enc%3AAQAKAAAA4FkggFvd1GGDu0w3yXCmi1dYqrCgQeg%2BtpIgm7XuWQZ9mMe6gFqbPrWB8dFfZXDfwPflY8pONL4WGXdLw2%2F%2BZrP4gTu3cD%2F9y0bCg75OGOgDfGRV5fRUQO1LcbPR1UdPwc9jhm7FZ7RrnAzHFDky2xJGb%2F1BPk6oIektM%2FkVZA%2BIy9yGhhkuBLkm3wTOccFkRsQmBCBR9ohrMK01mcEM22A8WFoKESKDD0o9H%2BCNSrsqp6f9BeVA92o%2FEV4DDemAiil4NEaFjm1OJipY0DFpIBQUGtQxT5Ta6cr060CmoN74%7Ctkp%3ABk9SR7bw5JyvZQ&LH_ItemCondition=2500
ebay_images/image_1_5.png,https://i.ebayimg.com/images/g/iUQAAeSwYs9nu0H1/s-l500.webp,https://www.ebay.com/itm/156752757376?_skw=furniture&itmmeta=01JNWWS70HQ09HMKP4ZFJ0RWGP&hash=item247f314280%3Ag%3AiUQAAeSwYs9nu0H1&itmprp=enc%3AAQAKAAAA4FkggFvd1GGDu0w3yXCmi1dEB8l%2F53vbihrFkbC1Fvkd1TawcaTMV2twJLGjb%2BsV55sA%2Bzsx5BR6mTCznqY2q9%2FvWztw0XDdqAlcOOhRYD%2BkE5pskXnFPnvf71kRQsIL%2BBNNJfr9s68f3T4adqvuYCcKYJQ6sf3TGRYLJOg1hTBRVANQ7eGqfIQ%2F1k90ypd7WOjqztfWFJa4vXvUk4BqGMdyK2FLAo2qEVfch80XEgTU8n9cQ7R%2B9e0Rsrp4W5eS5KD2cbqZjFN42sj41CAuI4RGYEh4GZWKG%2B6%2Fc%2BasBGZo%7Ctkp%3ABk9SR7bw5JyvZQ&LH_ItemCondition=2500
ebay_images/image_1_6.png,https://i.ebayimg.com/images/g/rwoAAOSw9gxndskQ/s-l500.webp,https://www.ebay.com/itm/126970720781?_skw=furniture&itmmeta=01JNWWS70HXD4BNKXREHPDQJXN&hash=item1d900b720d%3Ag%3ArwoAAOSw9gxndskQ&itmprp=enc%3AAQAKAAAAwFkggFvd1GGDu0w3yXCmi1dbViZ6PLyO7eOLJrkD27B%2FhHR0sf7y6jJPtvY00pjJ2uigHEq94Tag2IQSZ1O6ZzWiQ82OfBDVuKXAwLsBasQpXfFs4dVsVbuKKxqa%2Bl7xlSkHXNEj62YVLbLbxZDYOiW2kgdy7o5jwRgqDpNzxM7L4ae7gZ%2FoIKCdTYb7vIe73Uwzx3ORWpiyedsv5RWRncXvxIWMV43WNAXvrFZgDRCH4TRMe2B2cZuLIU4EY3t7Jw%3D%3D%7Ctkp%3ABk9SR7jw5JyvZQ&LH_ItemCondition=2500
ebay_images/image_1_7.png,https://i.ebayimg.com/images/g/A70AAOSwdDJm2G~b/s-l500.webp,https://www.ebay.com/itm/156390913246?_skw=furniture&itmmeta=01JNWWS70HWP7HXMACKP3WND24&hash=item24699ff4de%3Ag%3AA70AAOSwdDJm2G%7Eb&itmprp=enc%3AAQAKAAAA8FkggFvd1GGDu0w3yXCmi1dI7hu8IijSvEeLneg0rqmKBuOotAqEPmEnKbcv6KhvAYmeCZnR6SehVuWt7p1ijpSxMKkMD7ophiwS2higBs5r%2BvAJHLk7LjiJJ1PctwrF5A0d0%2BO5hjOeMZUB7bUVXRpwxt7iTgl%2Ftix49iqGm1lNiqgXF9mUzRZdbALHsXMNBskUSzFD1HM6yzyWFMBDuDHO0vNeAxmxbufalRImBqZUNThmD%2Bn3T8g3z0r3vcIm4byfKSSm3ma1xyVUZJsT9zCX0FNljMBvQbGLU1K%2BFokR6iNBaePszQ%2BMOFQWXQ05zg%3D%3D%7Ctkp%3ABk9SR7jw5JyvZQ&LH_ItemCondition=2500
ebay_images/image_1_8.png,https://i.ebayimg.com/images/g/b8cAAOSwr69nofK3/s-l500.webp,https://www.ebay.com/itm/235990434164?_skw=furniture&itmmeta=01JNWWS70HV02HYF3X82VXSBJX&hash=item36f2204174%3Ag%3Ab8cAAOSwr69nofK3&itmprp=enc%3AAQAKAAAA4FkggFvd1GGDu0w3yXCmi1fQMpN6zA54LBhDWwl9Nhbd3Jd%2BXtX6pX2x9r2ysUULAa6s%2BMDnRM9ccdqG2jxRp0i4IjyRF18HfXcuEnwHgi0VTOI2JoeCFaxoFuYhBicxrBdofvcQmrQKo%2BhFMQQDd6DeyMUlr6JT0shb5eLPMhQGW8sqkGzSHzp0mcD5eLPIqji9BBUhENLkaMwJnNpT%2FkxZywXHiNTYvk2mIdyEc1QtzmfP9UJcxUSsWuKI2%2FBIHbi9efdVRmnPBEjvz0xsB9U5CP1aPuvqYNQk1HC7rMbd%7Ctkp%3ABk9SR7jw5JyvZQ&LH_ItemCondition=2500
ebay_images/image_1_9.png,https://i.ebayimg.com/images/g/lpgAAOSwR-pmiVF1/s-l500.webp,https://www.ebay.com/itm/126813353064?_skw=furniture&itmmeta=01JNWWS70H8KPZ5P91QEP072ZG&hash=item1d86aa3468%3Ag%3AlpgAAOSwR-pmiVF1&itmprp=enc%3AAQAKAAAAwFkggFvd1GGDu0w3yXCmi1c3hAltAcfR3XBqBQNfXkGYOrV7rvwR7eMHw2sDS%2BUeezbv6GKWe4s3c0hNPd6B1bdrdzNw8oYtD5rbZxhVsL8LMUTI4oBWKU7w7IbiVxTRBdaZ8NJQy8TljQWVNvfCYfjIG%2B0wHhhPO9TaejKNI1YgSngTkSpcUbYknjfS3md4pJokCRPBbZz5UQOUwlINHTNoTFb1u2asZiVbfHHSV3rnCiHxaEY1MgTZ2kCg1%2FIPQw%3D%3D%7Ctkp%3ABk9SR7jw5JyvZQ&LH_ItemCondition=2500
ebay_images/image_1_10.png,https://i.ebayimg.com/images/g/S9UAAeSwVqRnxUb0/s-l500.webp,https://www.ebay.com/itm/356628856154?_skw=furniture&itmmeta=01JNWWS70HWFYF88N17HG329M7&hash=item5308bc7d5a%3Ag%3AS9UAAeSwVqRnxUb0&itmprp=enc%3AAQAKAAAA8FkggFvd1GGDu0w3yXCmi1etLTbAtDDsM%2BwOt4DMosxYapTeasWs5C5mMK6LW%2FhJLK8jw%2FbxDhDT%2FJjEAeuItk0JZRhgQBz5svUJAvW3%2FHRJeGDxtEZG3QRFa1xRXiSXj%2FZ5UHHS9lTKCk8qobRvMJd%2FzQr%2B2EJHvaAI1O4j1GwSauMg7uUNsSr7LaxmJHfOYbRWx2WyYnIcMdg1yLGKwqqIu8VCCuRBVRvmeLuYggNSc5FiYBdAj%2FF0JJNScsMa%2Ffflvwajhj26Fd6k4mMY6kZuRsfg3VTswpo5gFcKHsXgpv%2BzzmepZ4v1CckQVK%2F1RA%3D%3D%7Ctkp%3ABk9SR7jw5JyvZQ&LH_ItemCondition=2500
ebay_images/image_1_11.png,https://i.ebayimg.com/images/g/cxMAAOSwjK9nv035/s-l500.webp,https://www.ebay.com/itm/205318028224?_skw=furniture&itmmeta=01JNWWS70JDW8A6JSWDF7P6FC7&hash=item2fcde87bc0%3Ag%3AcxMAAOSwjK9nv035&itmprp=enc%3AAQAKAAAA0FkggFvd1GGDu0w3yXCmi1fj0ekPCqakXsN5Je3VOqDnRvS5ZBkXngEdAQTxhBLyH9%2F9uxij0a0IsJ6SrsZXpdPlgu5hF81%2B0jBhu1CTuBcO1Wu3FQi8aNuI5SEJBi0%2FBLTO8UZnM%2Fe5cRa14ChSu9JvfxQMW7Tqvz%2BalZXeYrIbM0zp3Wf4H%2BFVqhHN8qggGUbUf4DyQgOpKERiPOuABzF%2BECk3jaL%2FiA0rF3fCqSa%2BoQhirVdGu7rf4tnxAItD8NMdBV6Z6Eyg2BLX47cXJpg%3D%7Ctkp%3ABk9SR7jw5JyvZQ&LH_ItemCondition=2500
ebay_images/image_1_12.png,https://i.ebayimg.com/images/g/uCUAAeSwKk5nw3X1/s-l500.webp,https://www.ebay.com/itm/135608335062?_skw=furniture&itmmeta=01JNWWS70JG43FH8FMVYCKT67V&hash=item1f92e2fad6%3Ag%3AuCUAAeSwKk5nw3X1&itmprp=enc%3AAQAKAAAA4FkggFvd1GGDu0w3yXCmi1dLH6Xvmd2F7gGrCGuo4qmAMDvv3asOU%2FXUtz2jgpoghTXmAeciZePDc%2FfdrC21miRa5FwlfcE9hWnSAwilkd4jEiP9OOVuD9%2FNM%2Bv%2Fd5nbRNcu2h1ONZMfTMEAV%2BrwGTm%2FadC%2FiW8223YqGUXNS9n7nHLF5CBS9IZqXixMgkmZpJ97glVh1Qw2b%2BRfTYuZV8iqbKAnpQn1p%2BUo4qxRD5BPBlOmbA8Sk%2B9Pi7gAD%2F3NIL%2BdXmInEyPk9mTbRIfPLl6KkSiU%2BDj1GMu8rculecMZ%7Ctkp%3ABk9SR7jw5JyvZQ&LH_ItemCondition=2500
ebay_images/image_1_13.png,https://i.ebayimg.com/images/g/fzkAAeSw3Ctntmjg/s-l500.webp,https://www.ebay.com/itm/197036562161?_skw=furniture&itmmeta=01JNWWS70J9Y2NAE900T5KK0E6&hash=item2de04b56f1%3Ag%3AfzkAAeSw3Ctntmjg&itmprp=enc%3AAQAKAAAA8FkggFvd1GGDu0w3yXCmi1eYm2aUbE9FrhNBAGTY9TMM3nmDZzi51oKX4HNElIpApLHQWCFccoWcg2A7THlPhmAEnK0IooZBZ1yS9uf7Fi1JCn%2FR48RXge4%2ByRgf13RT1ieLHNbUhvCCpSoxqyG%2BKTF25kO6kN6ikn4hEQDNwaxFZhXzJA1Y9SZxdS6PsOIksSHg3XlrVltAAsrObwoo4pG%2BUPVRsnbfFWDVcGf7WStzae2pF0Sld5hDp%2F7tThi4qnD9fLdDYYcJWJTxfOpGOKhZ2Vqy1ktxPCMZUr4T4ppvddqwJqD5WuBrEtm9SGvAOw%3D%3D%7Ctkp%3ABk9SR7jw5JyvZQ&LH_ItemCondition=2500
ebay_images/image_1_14.png,https://i.ebayimg.com/images/g/-9MAAOSw7bBng2Hr/s-l500.webp,https://www.ebay.com/itm/405472647830?_skw=furniture&itmmeta=01JNWWS70J1H906GPH5X2GPE97&hash=item5e680d9a96%3Ag%3A-9MAAOSw7bBng2Hr&itmprp=enc%3AAQAKAAAAwFkggFvd1GGDu0w3yXCmi1d%2FunJ%2BMTVSITUSsw625rsH02Dv%2FK17MOGwhACRqxoKbNdFDVK9GECpLHuQYAZjR5dO2W3QR6b0GAITYy0dO8Ek9ByV9CZ3fQU%2B41ijshmwxrrXlguLhSN%2FITssiR7%2FOsvhZ11fTkApTYbe23D1A21bbRA3%2BqjbB6pY6rRw6b8ncTvMY1tftXje3hgv%2FT0upoi0DeTKjnaSlICLqPFY4Wfxbu3qjgHiWoZXJCRImbTDjA%3D%3D%7Ctkp%3ABlBMULjw5JyvZQ&LH_ItemCondition=2500
ebay_images/image_1_15.png,https://i.ebayimg.com/images/g/X7MAAOSwXYtYxuWY/s-l500.webp,https://www.ebay.com/itm/222438786448?_skw=furniture&itmmeta=01JNWWS70JD832YPNZCYVK42CC&hash=item33ca628590%3Ag%3AX7MAAOSwXYtYxuWY&itmprp=enc%3AAQAKAAAAwFkggFvd1GGDu0w3yXCmi1eHyPZkwlNP0Nu0hf4xNdsmjBF9EY6IzIpRbbISAlVZdvG48hTBf%2FwOcmXlSq8IFtACTReW6zn4gxJ0tfAHWk3kzIDyYWuigbjSKBve26TLBwDZ4as1aHnl89cPC%2FmqRMFdhvLVxvWA6nmYe3zoeVrJ8NdBxrqR4ObgqJZPj%2F5lm%2BYWZAb5cp89Zklt6rndM9iEbxoN48AqGGyHw7vlc3quFp0yifFh%2FR%2B%2FG81MMY9DaQ%3D%3D%7Ctkp%3ABlBMULrw5JyvZQ&LH_ItemCondition=2500
ebay_images/image_1_16.png,https://i.ebayimg.com/images/g/m4YAAOSwrIlnBEwe/s-l500.webp,https://www.ebay.com/itm/395771585558?_skw=furniture&itmmeta=01JNWWS70J21BS3QFY0CM75BD3&hash=item5c25d32416%3Ag%3Am4YAAOSwrIlnBEwe&itmprp=enc%3AAQAKAAAA8FkggFvd1GGDu0w3yXCmi1eu%2FkW0noJ3OQDPEAXTfj6yDN56SwWRwb9ezfdkZbvfZUO32LSpXzFbVni1BYBDk%2B35aG4jDJcbegthEA3dI3KuNZdjEPFi8jwCu14DIdZs6PS1AbVwHx2qsZvSBOfAA0zpXxuJXwo%2BkYTJenu9G62yKU0Jm3brEtI9EawotZBheMbnFdz6WkdmMgLZEG22ZYhyPMHET094NtGW393qqgd%2FJKOibdKXgX8uHMT1e0lMMJ4mloId1i70W3Qc9PwFVr1vJsURf2MVseqoSf0vhiCHvYx1OIXybMRBd%2FecW5TjRg%3D%3D%7Ctkp%3ABFBMuvDknK9l&LH_ItemCondition=2500
ebay_images/image_1_17.png,https://i.ebayimg.com/images/g/AmQAAOSw1jVnBDs0/s-l500.webp,https://www.ebay.com/itm/395771408789?_skw=furniture&itmmeta=01JNWWS70J4QS0YZYFCJHKRBD9&hash=item5c25d07195%3Ag%3AAmQAAOSw1jVnBDs0&itmprp=enc%3AAQAKAAAA8FkggFvd1GGDu0w3yXCmi1cRVMFM3Myg4wGP4%2BWo7EhBX8vlVYawRRCYucX0nqK6WqXxnLb1SECJrZ49QKp12%2B22VrSIWf4JRMttInSt4Dl70LbVMiUehYrSqKF4gJx3UYW1tp7XhCxPpuPNFIh5W%2FTnlRkThMy4N%2Bbga7U2yuyc7uGp7d%2FTdXz9Y6tlH%2BGdLlU7ZOApcTPBYMumPfPP%2Bq81JlJJ6MVN5bvvU%2FNiYmNO%2FjAU0xipjon9tT84tN%2F%2BkQuzl4b6jCDk%2F4oSVXYlWHbze9c%2B4isiVCsuh8hB9VuazFRBclQCVtE9nQ7VzTtc7Q%3D%3D%7Ctkp%3ABFBMuvDknK9l&LH_ItemCondition=2500
ebay_images/image_1_18.png,https://i.ebayimg.com/images/g/me0AAOSwIaZm~te8/s-l500.webp,https://www.ebay.com/itm/126970720782?_skw=furniture&itmmeta=01JNWWS70JP1YBX6W5PEKV2Y88&hash=item1d900b720e%3Ag%3Ame0AAOSwIaZm%7Ete8&itmprp=enc%3AAQAKAAAA4FkggFvd1GGDu0w3yXCmi1cGuRDDV%2B76%2FEMqSbp%2Fx4sz%2BiX8cOIJBuuU%2BOQGpmHX2gAG%2F02UuW9OFPH8uTRcXidVTuWbOL87tbVbQJTb7X6ZpLPYPD%2BWdwACw3mypt1UN1F5LDMiy9wKflL%2FKt4Ya0GE5a0NO30ptdaiAAXAc1Y0lESaqBvPG08JdZYvTbeEbQ2xHPWRm5nBJew3YW8uFmXIU4X89q7oztCYOiWbaZGKGphpHH%2BtvCakMxCpIuX%2FRgJ9qpDoJO6FS5fos4ldcPGIrd1KVFGiTjq69ZKJV3ou%7Ctkp%3ABk9SR7rw5JyvZQ&LH_ItemCondition=2500
ebay_images/image_1_19.png,https://i.ebayimg.com/images/g/WCIAAOSwKNVnwSj2/s-l500.webp,https://www.ebay.com/itm/167344988050?_skw=furniture&itmmeta=01JNWWS70J2Q6QH2D7S1DGPMQH&hash=item26f689df92%3Ag%3AWCIAAOSwKNVnwSj2&itmprp=enc%3AAQAKAAAA8FkggFvd1GGDu0w3yXCmi1ca3wGNJ0jKQCTUg2Zz4i2H28xQmPYV9PsZXgS2MxwbtVcO4CoFPbpo98%2FxciMf44uMYKslSb99Kx0aWx4euk7g6JvEP%2BMllX68gOAGQFp3I3%2FjNAmTD3IWQeme9ixn77X46z8CtrCkV2HHQSlZKWMCnZnxbe%2FOK%2FysyesGInlIa2cprlxCyyA7yYJnsCmC%2BkfYhty9yBPh002ECPBhFlKUxWLGXdIsqZTmKlqBOTAZzTpSa3tOVBU%2FZ%2Be0LXcKEV4q5IWmttAZsIDG61sYJH%2Blnqsc9keB0p%2FsgZmncsKVfw%3D%3D%7Ctkp%3ABk9SR7rw5JyvZQ&LH_ItemCondition=2500
ebay_images/image_1_20.png,https://i.ebayimg.com/images/g/msYAAeSwp6xnxbcK/s-l500.webp,https://www.ebay.com/itm/197073264857?_skw=furniture&itmmeta=01JNWWS70J2DDFJK7DR9F6BMV5&hash=item2de27b60d9%3Ag%3AmsYAAeSwp6xnxbcK&itmprp=enc%3AAQAKAAAA4FkggFvd1GGDu0w3yXCmi1eFT2IdEB--AdJKqOMBluX%2Fo3eh%2FNLZ%2B%2F17HdP0w97ePr%2B5qxRbwJ%2BsDjpzFv47br67mpoTpkTHvr0xApOrO%2BSn5CPbTedw83J%2BiD75KD38YIEKRAV6Q%2FsjjsglOUlAC8LOodGidrMJ0C4k3nzchnqP%2F%2B9XrdoNKNoqeGpl%2Baufimah2XT9YCFsHgaKyNRcL5SqgbDq9ba7j0woIGac6MffuhrKz5iKsOf%2BLtog5k3Kvnfvf4opq6nKSp%2FdXZLBWQ6fByeLxAcP2pL1Ae7dLzV6%7Ctkp%3ABk9SR7rw5JyvZQ&LH_ItemCondition=2500
ebay_images/image_1_21.png,https://i.ebayimg.com/images/g/~WQAAOSwErVnjKxf/s-l500.webp,https://www.ebay.com/itm/226544154296?_skw=furniture&itmmeta=01JNWWS70J15HG3E5KRFVBH6BK&hash=item34bf1576b8%3Ag%3A%7EWQAAOSwErVnjKxf&itmprp=enc%3AAQAKAAAA8FkggFvd1GGDu0w3yXCmi1fIjVs684xETJf9Cua2XbKw3hQZ2kJ2ioj2OEbnHcB9YKuRJTGdyEWlxAAFPZvjM6tg4oW%2FP94wvu%2FUPDHq8vhOxV6yJ77dJD5tBISAOdhoFeljHJnwUVRNgH0kHOezyUfa%2BW1iXTtOrHtkepYjDPZEJYB6gmVbrau2nOjV71FUCPJYKKR2mw9oWq%2F5hSAjR4kNW141hIQXodcLWFrmUSp7ihV06hjoy5OGf992Xe457iUI8j0TW7FnF5pp81shyqH5r9ex13rSvsZ4VoGMwWPOPK5cM8EPJuFaDCEsHIXu3Q%3D%3D%7Ctkp%3ABk9SR7rw5JyvZQ&LH_ItemCondition=2500
ebay_images/image_1_22.png,https://i.ebayimg.com/images/g/MmQAAOSwsZJnBsOO/s-l500.webp,https://www.ebay.com/itm/186994896332?_skw=furniture&itmmeta=01JNWWS71S88DYTQSAJBE4VM71&hash=item2b89c3adcc%3Ag%3AMmQAAOSwsZJnBsOO&itmprp=enc%3AAQAKAAAA4FkggFvd1GGDu0w3yXCmi1cxcwKrIdObanYQnPucaCzWiioSK318Ippy%2B8%2Bn%2FeR499ZgjeXIMUnUlT6rOjmSU88XnYAuqqA5JM8wbFf%2FKlv9D3jqN%2FGWxrXWPS3iBB7qA%2BwKXOWEbL%2B%2FQypVBR02BSiNR3p4v%2Far4hJrRoecTlToVuVP%2FlePX8ngZjt7Qh2K4xciwgbUdbIUdqfQuKsUZQ17SESbPptkm3Fjow6tty2DPNxKhJUaekItAUeksh%2F05kWJWGz4PVEsdOFIjCduBw%2FyETKF%2FVYVuDGHg%2Fvz7Kgi%7Ctkp%3ABFBMkvHknK9l&LH_ItemCondition=2500
ebay_images/image_1_23.png,https://i.ebayimg.com/images/g/t-QAAOSwRTdmp9sZ/s-l500.webp,https://www.ebay.com/itm/296599446667?_skw=furniture&itmmeta=01JNWWS71SEG9Y84T436AKPTK1&hash=item450eb4648b%3Ag%3At-QAAOSwRTdmp9sZ&itmprp=enc%3AAQAKAAAA4FkggFvd1GGDu0w3yXCmi1cPKytnENct7RfXtICp6qNqS8ieU%2Fg4KHdYdTluuV9Z3M%2BA7KrbAQy3Os72%2Bz%2Bwr%2FkMQBjwd7Z2h%2F2atbpelOcl25zZgiaYixVs74uqcqKvcrQ4fDSaRR8QfRGwMHACRtMOjtHniqoDEH1eNcU145U5jrsWqWuohzQzIU3Spa1c4%2Ft30EolxCsSodFgtdoQEhbpwCZ2UTSy%2Bv3LiBgPkARcr8cvDR1YyfdSuwrtJyjt9rcS3oKEGJlJcX%2B3F56JbKVUqkf6yGfFGa978bAwh0Fl%7Ctkp%3ABFBMkvHknK9l&LH_ItemCondition=2500
ebay_images/image_1_24.png,https://i.ebayimg.com/images/g/OkEAAOSw7LhmbGXR/s-l500.webp,https://www.ebay.com/itm/176877029513?_skw=furniture&itmmeta=01JNWWS71SCD7VN62X3NST4271&hash=item292eb14889%3Ag%3AOkEAAOSw7LhmbGXR&itmprp=enc%3AAQAKAAAA4FkggFvd1GGDu0w3yXCmi1fI%2FcS5bvnxGoKRVLoU39zEM7GxhEjNQNdyeFzCu4cYTRNgglUFjda%2FFLhJLyI3Ocz4B79zagbsjWdGThKqqxPwW78S7ComngEzJVgHslzpbgpYgbj4oILVpveT4peCW1n5eQ22SOW8Bm8sEqvTqDH3DANBdfzrgP7%2F0eQ7UZThOisZ8KCdscR6pq0w2H2iRm9lMMF2UYvHW5w4b3o9biRvRbzs2ano4r6%2BEa2j6VWZBhRBoGJqSESbF1wT4mOo9k9%2BJzzev5RHfg5Uv2OT0kok%7Ctkp%3ABFBMlPHknK9l&LH_ItemCondition=2500
ebay_images/image_1_25.png,https://i.ebayimg.com/images/g/WG4AAOSwloBmlzFZ/s-l500.webp,https://www.ebay.com/itm/135151232558?_skw=furniture&itmmeta=01JNWWS71SWENS7YDWSCE331H1&hash=item1f77a4262e%3Ag%3AWG4AAOSwloBmlzFZ&itmprp=enc%3AAQAKAAAA4FkggFvd1GGDu0w3yXCmi1f%2FKq%2BaYexXkYetmbgc%2FjgqVnCiMVUVDZNP%2FvFEAz9r9yUloj6nnOp9IcGeQhhLO%2FjqUWeIqUlDdI7VdoRGa41twVr%2BZW6RPSD4fTBOrd1t74yCX%2FzPnY%2FN7jKFBsEFkwOwPNIlLzhFQZV2zpsjmWPIkhN7HErZQWOMS3p093eqCrV0aUUcTvEsMofmvvWYaRyMH4x1LBjhgUW475Z39UbxcJZ5e%2BFGYKmI7LmvF3ERlQ04xUub6bJXjecxHjZNtMLoph6ZKD%2BaRmHbyYc0USmX%7Ctkp%3ABFBMlPHknK9l&LH_ItemCondition=2500
ebay_images/image_1_26.png,https://i.ebayimg.com/images/g/42AAAOSwLq1fxcmi/s-l500.webp,https://www.ebay.com/itm/174659097030?_skw=furniture&itmmeta=01JNWWS71SD5XMG00KJTJRCM1X&hash=item28aa7e51c6%3Ag%3A42AAAOSwLq1fxcmi&itmprp=enc%3AAQAKAAAA4FkggFvd1GGDu0w3yXCmi1cDidI8Y1B1654H4YKaMlsckpGSoIA%2BriJNEwgsFyqmJvHK86JqoXWHV3DnqekOxzzlTH70AakruG%2Fo9HyrmBV29DIoOdtZn1Sk2Hn3Th1gq3Yiy8A9gZBiKqGSnVzDyPtT0egQN830LAWjZohcP%2FeLSpfcCX%2F7j%2FA6Sm3KZxFecVKfYxuCL2WUZuOf0s%2FhXODR0z2Hl4in0FUnIKgSpeHBrUHlQ2Z%2Fxp5%2FwtzDKt29NmRg75OufufCkyjp6z2J8IKSriUmH88xOhMu3LhFYwth%7Ctkp%3ABFBMlPHknK9l&LH_ItemCondition=2500
ebay_images/image_1_27.png,https://i.ebayimg.com/images/g/8ncAAOSw0Slnx43Q/s-l500.webp,https://www.ebay.com/itm/167355347213?_skw=furniture&itmmeta=01JNWWS70JG4KC485A4W2HPDS6&hash=item26f727f10d%3Ag%3A8ncAAOSw0Slnx43Q&itmprp=enc%3AAQAKAAAA8FkggFvd1GGDu0w3yXCmi1f0TwoGd3739JAgKHDtr33STNBEiGJnOM7hZxdiTXQhHqRIiqM9lzi%2FIxaNrXHKq5WDFDdeRb4eosPVLWQI36AAgSqnlxnbe%2B%2B14ExniW0V4HISw5Flt5MiJYztbmOZ5sh5dA7ct3KxKlcG9Dr1P3cHVsR9l6ShU8nqXQPB7ApVabn2pkWOlJPi8FRwHtWeBxgFw%2BuxYZ4h38n5LAhH0OhjrkvrsHzi44oTvRaawXFz3qmA2gkepIUAKFvwLAqsFQ7gnhkO9VKEEChRAv1CYyE6ZiHe17liByl33%2BmJbqY1Mw%3D%3D%7Ctkp%3ABk9SR7rw5JyvZQ&LH_ItemCondition=2500
ebay_images/image_1_28.png,https://i.ebayimg.com/images/g/URMAAOSwoM9ngY1K/s-l500.webp,https://www.ebay.com/itm/126876782984?_skw=furniture&itmmeta=01JNWWS70JWZ3F0YTD63JA8Y8C&hash=item1d8a721188%3Ag%3AURMAAOSwoM9ngY1K&itmprp=enc%3AAQAKAAAA4FkggFvd1GGDu0w3yXCmi1dJOzOz2H%2Fz%2FvbGcPeROCO%2BksWEv%2Baa%2FN2brGhl6tFUHowQaIsAJGDpe3BU8aneMY3HBui0HuRcsctwVlWA2QzlpZKhGWy8TSqoyBiG18BjecSvhrXkK8AOPsWyLZ5lpDjU9mEUMletxuFZL8e8rUb8Dy60e98hxkUyHhAuVU5skcUN9DCkWQnbIWpKdyGoiP77tPAW27HpxMYeWXMkQm%2FjHRyHfF7QuCsrwmL88q30t2VueLl6PoEXVn6%2B7n1X41cw%2F6%2F8zaCepujdenEMoj1d%7Ctkp%3ABk9SR7rw5JyvZQ&LH_ItemCondition=2500
ebay_images/image_1_29.png,https://i.ebayimg.com/images/g/Qz0AAOSw6hBnLOYe/s-l500.webp,https://www.ebay.com/itm/326330589012?_skw=furniture&itmmeta=01JNWWS70J7RSD52M5XA4963B8&hash=item4bfad19f54%3Ag%3AQz0AAOSw6hBnLOYe&itmprp=enc%3AAQAKAAAA8FkggFvd1GGDu0w3yXCmi1fVDPBCF7jVN9AjQasaT81BKDfmQ5NS2NiWOiu5WW6pn%2Fi%2FVFExXnVxxdW6dgk3e%2FFLgt%2B4Kf5L29P8jUFahkIijVtqBrYA32dfdsIjR%2B2DQOjzqHD2kSdKtHadm%2FxCiAQlr%2FgAPtHjFU6Dt%2BqAfhlsmQ3mq1fX4%2F6jmfR%2FlpeiIN3alpZ5ZBYQrjHI2VH9ECHtkGshV%2BjHK8TTFUn9XqkMvGU2T8fVhyAfYvl3FTruq4YNHSmmflpyE%2F1Olu%2FRouR6u23YsX3Nx%2B9Ya3mOn1mKZJ1GLOjSarNOvCse69Db%2Fg%3D%3D%7Ctkp%3ABk9SR7zw5JyvZQ&LH_ItemCondition=2500
ebay_images/image_1_30.png,https://i.ebayimg.com/images/g/gE8AAOSwrF1mfVt5/s-l500.webp,https://www.ebay.com/itm/186915547091?_skw=furniture&itmmeta=01JNWWS70JZ1NGR20J4TBKBVZC&hash=item2b8508e7d3%3Ag%3AgE8AAOSwrF1mfVt5&itmprp=enc%3AAQAKAAAA4FkggFvd1GGDu0w3yXCmi1ffM6TM%2BKGzZ43A1AQDdJG%2B0XIHnG8zrazJVDRbZ8S9fOqc3DvtGsGuejJvznZTKA4fNUkoUimRiKv8qaaQioQR78wNIhugxzW14vxBz9LT0DPF4Y0P36edsYPj0YNbSeO69AKLSl5jl9sURi%2BR6PJeZWyWWMiLlSsMm%2Bz66CSXrGqw%2BPowMyOadkwoX3Ov6gfxXpQyfB5pb0TS%2FaOqv9sKWZESzM3qC73eyegLFws5SUy6mjJkaurTmp9UUG99B5Z7J72TYymCEn9vWmU7Q8Vb%7Ctkp%3ABk9SR7zw5JyvZQ&LH_ItemCondition=2500
ebay_images/image_1_31.png,https://i.ebayimg.com/images/g/Fi4AAOSwyt1ntNGb/s-l500.webp,https://www.ebay.com/itm/116485043957?_skw=furniture&itmmeta=01JNWWS70J9AV5HANAED7ADE39&hash=item1b1f0cb6f5%3Ag%3AFi4AAOSwyt1ntNGb&itmprp=enc%3AAQAKAAAA4FkggFvd1GGDu0w3yXCmi1cz3T1nkzB8%2FTmkyYpn3VdlHukSi%2FfxTL6ZJ0RsnSNByzLVJhoTUXZ5hfpdR5cMpQA625ClWblna3dVFVNmi5hOAJKQD6tVpraJjIQ4MN542zZdcJWhiLIcKRYj3kjrxx7pJwdn3QBGZY6to3ccOmXrGKsAh09IaUb08USHzjBdr4yefswKquDDmX8txYdJ70hsdFvLnFgxBtbo2t%2FAAhpTZ312666RKegcc7gQ5aXCIYSqudoVbyHGqg%2Fny88sz9R0%2F8%2BwF7KMzR%2Bnxw3Glu%2FC%7Ctkp%3ABk9SR7zw5JyvZQ&LH_ItemCondition=2500
ebay_images/image_1_32.png,https://i.ebayimg.com/images/g/dW0AAOSwi3tnyc0I/s-l500.webp,https://www.ebay.com/itm/365443720139?_skw=furniture&itmmeta=01JNWWS70JNS9E8VGNQN7KSWR1&hash=item551624a3cb%3Ag%3AdW0AAOSwi3tnyc0I&itmprp=enc%3AAQAKAAAA8FkggFvd1GGDu0w3yXCmi1fj%2BIrW2oZsyjp3LQ0byTrFIY6XOBRnJEnaFThuN0JuA2rZl7ki1zLFsuPC6wm1RxefbbFhNu8fJKlM38%2Bu8EhqYyfs37luodtH9XrVH4fgC51HMNNC2LQq0Xuqepgd1zBvJ5QsAfbSWyTdUssmXR5oJd5iNPRWqtnW7mdJwZOi7AItkBW8zliKJxqqU041FHKzyivLS1vpPMdD%2F277H5ctywdNtgOHJVn6B5ue3Qet4sQPO5n4SWU1%2BSEZGnbzytHu4uzOreO3aShIntyjFM8fGek0p38OU0vdSRadLjSXxA%3D%3D%7Ctkp%3ABk9SR7zw5JyvZQ&LH_ItemCondition=2500
ebay_images/image_1_33.png,https://i.ebayimg.com/images/g/GTcAAeSwQBZnvl1J/s-l500.webp,https://www.ebay.com/itm/297059168395?_skw=furniture&itmmeta=01JNWWS70J3E1BYG20J078WYDK&hash=item452a1b308b%3Ag%3AGTcAAeSwQBZnvl1J&itmprp=enc%3AAQAKAAAA4FkggFvd1GGDu0w3yXCmi1d3Xdg5zwPvxRhp4Zmvn6rZckNWi0Xwc0P5A5XmKq1ep62%2BpgAeHBPMM5%2BgQNDdRdRV%2BRGX3naxRZCWXeqC1Prrzu0pVBvJHD9BBJxL%2Bq8OMJ2j86E785NpUhJTgCtyBDffQ6D9NdCU5lnso2c3Sq9WJ%2BOJEcToMx8F4WOGQZQWpSJNSSnWKgPRVXVvtMWNignN1HimSTtO1gxNzENGvdqBU%2BBM9FmocsdXBEttvxs4F9AdB82krv6sRCOB7cOAgzoNA2lDl9DWO8EDOdyV60HI%7Ctkp%3ABk9SR7zw5JyvZQ&LH_ItemCondition=2500
ebay_images/image_1_34.png,https://i.ebayimg.com/images/g/Q8gAAOSwYLhngYxL/s-l500.webp,https://www.ebay.com/itm/126876780198?_skw=furniture&itmmeta=01JNWWS70JMZJ70RJRT8SMTF56&hash=item1d8a7206a6%3Ag%3AQ8gAAOSwYLhngYxL&itmprp=enc%3AAQAKAAAAwFkggFvd1GGDu0w3yXCmi1c8PhHrNp6F71mKNvaeyvY8gSvxlqgEiB6eUCgyfjUdhevd%2FCxKIzv8UwR2V4vWuh3YPj8F%2FOfVjYp4D7SDi0eHar16lcZjY5UI1kafY7t%2BoJUIhYNieuZ0GVdFrD5pay6JN2n6dBYlk9sgno3zvlBY34Y066HOJr1oZwN0uRyw8nBads9PBJ5xp6tMh%2FxLy0LtUmitIwhzsEZFxjPtYGKqmws6647zIYcIDDrp%2Bd9lOg%3D%3D%7Ctkp%3ABk9SR7zw5JyvZQ&LH_ItemCondition=2500
ebay_images/image_1_35.png,https://i.ebayimg.com/images/g/WgMAAOSwTclnBFLw/s-l500.webp,https://www.ebay.com/itm/395771676241?_skw=furniture&itmmeta=01JNWWS70J6C6V45PR2MKTKPBA&hash=item5c25d48651%3Ag%3AWgMAAOSwTclnBFLw&itmprp=enc%3AAQAKAAAA8FkggFvd1GGDu0w3yXCmi1dlOUTP7%2FLuLS1ahl8204Jcfqcfxqq3dZFA1YyWFhrm7eR9Vkm4LxcwIgf6iT97gHYTv0DTbXCT4E5XwpKgmWU0u8pvnl%2FjVARjWgWIgso8ld7DFIZwVAiaWBF%2FSP%2FNhguWaA9ufuYbr3CznUkj2wv8jNk5wd7ht8AWyYoHvkpS0JkijUIZ3%2Bv5Nhffc6n7RLmD2SUqFNBq89eoI9PAxMjlkjGHjonflwRS3IGoEZjpfZyjdSuvnkATO%2FYUOym%2Bx%2ByCCNB%2FOHHcqgQ%2F%2Bv2yBffMMZMCerYZiqrz1OEKWpwgQQ%3D%3D%7Ctkp%3ABFBMvPDknK9l&LH_ItemCondition=2500
ebay_images/image_1_36.png,https://i.ebayimg.com/images/g/-XQAAOSwqSZnBB0S/s-l500.webp,https://www.ebay.com/itm/395771001270?_skw=furniture&itmmeta=01JNWWS70J750E3RDBGWXRM88F&hash=item5c25ca39b6%3Ag%3A-XQAAOSwqSZnBB0S&itmprp=enc%3AAQAKAAAA8FkggFvd1GGDu0w3yXCmi1fvSXzFkfhDLmB5JvEBv6%2BN0Tz%2F%2BRrG9A46uSsHSex70rtVzn8Vu7UfgZ41b1s6DWJburR0Hfw6sOzBzc3vg0WVfGFUzBo%2B3XS4w2KYFQ9DhEOQOFUxU%2FCUEYYWHxlA7oZLASxomGkZSxKBfbB5Nvps9dS%2BTAfA%2BWCr3h51S0Ht%2FrtcYcrLVgWlDFFWHdGVQXdKz%2FcCrIPrsPG3SeeGiRbiRjWL2HHQ4QpEt5Q1mg3G1VXQ1nNT%2Fz7hoE%2BP33QJXel967BRu3WVRocE6TrIZ0j0MHBqo2XxvPmsF4yRdrb%2BGQ%3D%3D%7Ctkp%3ABFBMvPDknK9l&LH_ItemCondition=2500
ebay_images/image_1_37.png,https://i.ebayimg.com/images/g/EA0AAOSwyodnBB1F/s-l500.webp,https://www.ebay.com/itm/395771000623?_skw=furniture&itmmeta=01JNWWS70JFXA2JZ0CE6F8DW42&hash=item5c25ca372f%3Ag%3AEA0AAOSwyodnBB1F&itmprp=enc%3AAQAKAAAA8FkggFvd1GGDu0w3yXCmi1fQap8OQEOoxCjD4dt3uGfmbmq7CudSVS%2Bbuao%2F1OEwSaWicD1jFtONdHaMSto3J4ez0oLSp2SnBQugGE4zjUIELuiY8177pX48m%2FKVP0JDx1X8HucxhuYIp%2Fjmuj71EwBxLYQ7PeGyGWoEaoKH5ngdV%2BL%2BnNHuNuIsvNgmDbLX8RBfpH48qP%2BQjglPVIPMupILJYzvYIuC8ntScMOuqoA5WC03CAF2b5NENcfDk5qHO75ddwONWNg4HamonPCIdq73x4%2BNku1BCSncxijJluRqRAjNCV83Hw3XV3%2Fwkmewsw%3D%3D%7Ctkp%3ABFBMvPDknK9l&LH_ItemCondition=2500
ebay_images/image_1_38.png,https://i.ebayimg.com/images/g/0FIAAOSw6chnBExy/s-l500.webp,https://www.ebay.com/itm/395771589950?_skw=furniture&itmmeta=01JNWWS70JA844R83ZQBM61Z4X&hash=item5c25d3353e%3Ag%3A0FIAAOSw6chnBExy&itmprp=enc%3AAQAKAAAA8FkggFvd1GGDu0w3yXCmi1e0bxo1xk1ApdqP8rnv6X2qxnWaLF5D%2FEBhZ8aeJNgoX6uHzdi4vNK1gljYVuL%2Fcnjisa43pUHssMbquXpie3Ie3hhBmFs4f6fI8fnZFC6ovMvoyl0mpGDPw90H%2BRvDyWjeF%2BBaZbXUfLwMYZAtKCfKBnvjOe8WlU%2FkLSsTxTlFUygnGjxGppl29%2FaXgvHG7ZFmTGicPsIkzj0Y57KT0uDJIwT6Pc7A8RFgWh1%2BvU3IMy93enoFUBd11tCufye4nDJDGMPBKYQ7i%2FlUys2p2UBemJRMX4xGuh7KYs9Eg1vbhQ%3D%3D%7Ctkp%3ABFBMvvDknK9l&LH_ItemCondition=2500
ebay_images/image_1_39.png,https://i.ebayimg.com/images/g/FNIAAOSw541nla~F/s-l500.webp,https://www.ebay.com/itm/235995988705?_skw=furniture&itmmeta=01JNWWS70JCV05G098Y28HKVAG&hash=item36f27502e1%3Ag%3AFNIAAOSw541nla%7EF&itmprp=enc%3AAQAKAAAA0FkggFvd1GGDu0w3yXCmi1ew2qmLd5PB%2FppJHOAeFYvim7ivODrspsWXHOslDNTHNpLILr1ZKOQLMBQ3iixgzAl5S56sJy2sOy8InlyU1NVdZIwT%2B%2BUt6OhWuKUW%2F5R7bFjVVOmbnZvZR9v4%2F0xEqu6ICd%2F%2BtC3JZtKxle9wNjAJ6y94%2FFlqR8sIFALmqiZ1uGquWC%2Bpzevh0kuI1jDuLDpvgWLll3q9arG%2FQwxNdOZ6eIcgpmUDg3uqsPCY9oeJqgf1DBSPNse02PIGnPDNGrc%3D%7Ctkp%3ABk9SR77w5JyvZQ&LH_ItemCondition=2500
ebay_images/image_1_40.png,https://i.ebayimg.com/images/g/y8cAAOSwfy9npBoJ/s-l500.webp,https://www.ebay.com/itm/156675501793?_skw=furniture&itmmeta=01JNWWS70JCN5BQVRDD098F82A&hash=item247a966ee1%3Ag%3Ay8cAAOSwfy9npBoJ&itmprp=enc%3AAQAKAAAA8FkggFvd1GGDu0w3yXCmi1e7YX2Sg9zGyWYupV34gyNfRdgC6UYM9NTyrTnUDd9FnofpHu2HiGVRbFd0Fh4MD5na1jEggw6xm2nbn8uMwF8dCh10fmSq8HTg4sWxcTuI0nIs2ousp7Gnzpjs%2BTNj9sWIiURmHiBRVXrF2Nwvsn0QtMsc40p9jw6zKq96GPBzZdCxdo3vh27fL2%2FS8APFY%2B4ayD8ES3mzKJ8c5Y1nCdbLo3xvDEicwatPT27XhMx7oAAf3HUi2WUCqRVNJoC4dpYR%2BDFnYuC%2FUriPCgjWm9tOBZL2fejqHiHBKJMF4MFdsQ%3D%3D%7Ctkp%3ABk9SR77w5JyvZQ&LH_ItemCondition=2500
ebay_images/image_1_41.png,https://i.ebayimg.com/images/g/PlIAAOSwaddmzfql/s-l500.webp,https://www.ebay.com/itm/205334299498?_skw=furniture&itmmeta=01JNWWS70KH8DYYZVW08KZYKK4&hash=item2fcee0c36a%3Ag%3APlIAAOSwaddmzfql&itmprp=enc%3AAQAKAAAA8FkggFvd1GGDu0w3yXCmi1fy3G0WplrCZIM4ldF7FU7vUB8aVJWB3ytpmsXl8YscDqRUNb2TxVdTQCDQIeQEU8yVCu1AsaomgJQ7FZ8qJJI%2FlxxNfwmH1FNVdpzKzj5tMzMlKa66cjR18EKUc8E8JEz2GfYeqlWfzyF6JhCmkqqirKbp79d%2BF0GSLYWWbxq%2FBpdy9aSIzjkp993MIy0sWCluwCDAmCsrPhDKcN3Nfb2JCFjrh9FiakJyD9NQ7HBOCkK9wyoM2bwC2OFrCYJft%2BQiQRYfDsJJTnJc8JOYP83DlHChWx6sZfNDWmnym2UDFQ%3D%3D%7Ctkp%3ABk9SR77w5JyvZQ&LH_ItemCondition=2500
ebay_images/image_1_42.png,https://i.ebayimg.com/images/g/TZMAAOSwiKRnxz4G/s-l500.webp,https://www.ebay.com/itm/316440264078?_skw=furniture&itmmeta=01JNWWS70K3QD6WYMVN7GAJSFC&hash=item49ad4f3d8e%3Ag%3ATZMAAOSwiKRnxz4G&itmprp=enc%3AAQAKAAAA8FkggFvd1GGDu0w3yXCmi1dhj%2FMZCql3I4wpNV4c9XwiMikNBkWizD95lv4ZrRGNEVVbw%2Fyv03ICXC9UQb0zic3wvGfIrmIa2D1MfB9Jj7FSGhpBKVTl2tRvgkTqubOCB41TEUapdEeVHacky4fpSomi8Vxesf9oEu7wuEJ8ONk1ftlArxeFbWHq8pKQIU4M7kB1xIB%2FFNoMxfCeCyhK0tMjgng3KNuFUuNOqeS7SgRZLDX%2BlPNCzyzdFAwsnysM39zuAHir556vWkXsu9HdUrVDmjkRmj6M%2BSEB5s6%2Bb2qwgg9dS4i9%2Fwf4LxORKFSOWg%3D%3D%7Ctkp%3ABk9SR77w5JyvZQ&LH_ItemCondition=2500
ebay_images/image_1_43.png,https://i.ebayimg.com/images/g/kf4AAOSwvydnyEKI/s-l500.webp,https://www.ebay.com/itm/156764445040?_skw=furniture&itmmeta=01JNWWS70KEKF5959P449QFQC0&hash=item247fe39970%3Ag%3Akf4AAOSwvydnyEKI&itmprp=enc%3AAQAKAAAA8FkggFvd1GGDu0w3yXCmi1f2vwih3AqLaZidfZWK4cH8tXlO%2BHjIgYU%2B%2BXhPXBmIO5zErZuoHLInTyrQKCTuTelUa0jB8TjtskURrGuL7%2FgubdWtUvsC14kyGDupzR2ckLyO90Dmx4%2FMfpi%2BrzdMw1FrbPkIlr9SRPhLP%2Fupfq2p5S7k2GQraaOPcQRjP%2FHQ%2BrLVfhXoh%2BerJOc1WtBfX8Ymvb8gqDycjWFdWrQoyHJXhdxY3jY7Wp%2BmKuaZoZnkvav6eUSDyjINV1sd%2FuHVPlWsCqoDftBX5nQvKjM0iMKAvecAlK2K3BRrDGZJMnqKeg%3D%3D%7Ctkp%3ABk9SR77w5JyvZQ&LH_ItemCondition=2500
ebay_images/image_1_44.png,https://i.ebayimg.com/images/g/0VoAAOSw0vBnnqq1/s-l500.webp,https://www.ebay.com/itm/176818168359?_skw=furniture&itmmeta=01JNWWS70K6YBD33HYFCZSQW0R&hash=item292b2f2227%3Ag%3A0VoAAOSw0vBnnqq1&itmprp=enc%3AAQAKAAAAwFkggFvd1GGDu0w3yXCmi1cVSbrAt1zGzYc02wOm2GrXGFN%2F6%2F0TGU2juKNvfPKnV84yMJQ%2FN5Q0NQSvCYJSYd2L%2Biq6dHMzBa3Vkf5jswKzx%2BAOcIVs%2FUQ0qvzXdFdeGbAKqGbKopufpdA6ucczEL7qgzXAwAh2Nyj7KkDvdhjB5vvPthzfGNcoDyHG4xcWHum565t2vBmzLJHd%2BaXfYq2uEDGp0yZ8Fyl6Y4otkt6FVmP39KBNHUX6V3fewfA%2Bqg%3D%3D%7Ctkp%3ABk9SR77w5JyvZQ&LH_ItemCondition=2500
ebay_images/image_1_45.png,https://i.ebayimg.com/images/g/OsIAAOSwYFVnBeEK/s-l500.webp,https://www.ebay.com/itm/395776728401?_skw=furniture&itmmeta=01JNWWS70KHSQ3ZY4GKM3RD82J&hash=item5c26219d51%3Ag%3AOsIAAOSwYFVnBeEK&itmprp=enc%3AAQAKAAAA8FkggFvd1GGDu0w3yXCmi1debDST7m46CLAoZyvEYAeZnjNcnu1qj%2Fs4o4AarczGLF4UEErfN8Xk%2BOU5yTB2e7gRtp24O0TWBYRafz5UI5484Sy8OZnyAq%2F8KjIuqxDeIpJEKIH9TxXwA7Jy7rMCjYUXdVUcX1QuhvcFqbeffo%2FOwz9Oud3k2k9oJPwJSL2YCadQts1hqjJOGGO70BANinSS7%2BD2asr26xZxk5SqDi3Ki8flu%2BWc4uG9yGx6YLXqD4WdlGUZD4XQadWw4ZCjJqWQ4ussXTUmPIxyEeKj9CkRQzzaJm5iaJtOoDspQjKvVw%3D%3D%7Ctkp%3ABFBMvvDknK9l&LH_ItemCondition=2500
ebay_images/image_1_46.png,https://i.ebayimg.com/images/g/AvYAAOSw13lmMFiB/s-l500.webp,https://www.ebay.com/itm/296399844033?_skw=furniture&itmmeta=01JNWWS70KMWYV241HEEXTKB2B&hash=item4502ceb2c1%3Ag%3AAvYAAOSw13lmMFiB&itmprp=enc%3AAQAKAAAA4FkggFvd1GGDu0w3yXCmi1cT4ObMU8na5l%2BubPrJ52UV916y2uPN2U09TO1ZHHHFmqHz9RkICGeml%2BWmIRuO4TNudUuU8eFCy1MNBUBrJ6J78MWUlgv2SKTAwftDvtBdyPTX%2BDk21yzz19NzV1L6zRV7mOY8jRz5RGH4MtA1Ys29wuf6advTTZa%2FCk2FWaW1bMyvLdDmSOrDFWCrxCCgNpWVLwyTPZm76yAmeWj53tQJiiFCsb%2FYi6xoWBX3SmR6%2FMUz4%2BCk5S81GAjXIG7BGLoY%2BnvQ%2FhdEZyarZpxPS6xK%7Ctkp%3ABFBMvvDknK9l&LH_ItemCondition=2500
ebay_images/image_1_47.png,https://i.ebayimg.com/images/g/~fYAAOSw6aFmm7DB/s-l500.webp,https://www.ebay.com/itm/156313161866?_skw=furniture&itmmeta=01JNWWS70KFK13P1HFCH3ME1EA&hash=item2464fd908a%3Ag%3A%7EfYAAOSw6aFmm7DB&itmprp=enc%3AAQAKAAAAwFkggFvd1GGDu0w3yXCmi1eHI08ZHIINPjs%2B1c9U895kn2133PRsT075WkkzyyHMpRqpzil5HNMwQXyB4y5T9yU0PX1pxR9rsLQNBCYKSqbVuUG7UTvMgM1U4SsJOhYUTUptj5o8X2u2w3Ii13RPFrnaFAHrYOGN1iHtvid5bCpA0wjjOTahYw7jVHgkx2NVwZH6a5i4CBXhucR9VoAvHI7CNPxQ71kI%2FJwvEOLeTUrTGVjGfBSiEOQsJtTK%2FpW7Mg%3D%3D%7Ctkp%3ABk9SR8Dw5JyvZQ&LH_ItemCondition=2500
ebay_images/image_1_48.png,https://i.ebayimg.com/images/g/MKgAAOSw6eZnW4Rw/s-l500.webp,https://www.ebay.com/itm/116419201371?_skw=furniture&itmmeta=01JNWWS70KG3XVEW508G6E7RRJ&hash=item1b1b20095b%3Ag%3AMKgAAOSw6eZnW4Rw&itmprp=enc%3AAQAKAAAA8FkggFvd1GGDu0w3yXCmi1egdb5iTszBCBmxX7y3L3tStUAR5GGlDEVa%2FhKAPtzl3qYWlqfiPZ62Q9T6OcNRBnRXzC%2FGYoI27ym%2BgE9U2X60x8M4BnvMhZPeRuyeeYnjXLMiVat2wGlvjp%2Bf2oQhqy%2By1sLBZmA5J8mFKXgRi8hkn6NTYuI8CmDKi1dD1uIaW9pMLbMd5mKCjewT403gE1mbETzx5YNPdVfWDxRxb%2BAc7TzvE%2BsB4Jru6miXb1zX5hPPcpCKS%2Blo1%2F3xtOhm%2BIsRG%2BTJdC%2B8F0U%2FumyTpgTqKgoOdcNIxVgT2oT3ttWMTw%3D%3D%7Ctkp%3ABk9SR8Dw5JyvZQ&LH_ItemCondition=2500
ebay_images/image_1_49.png,https://i.ebayimg.com/images/g/65IAAOSwy0Zmm6WL/s-l500.webp,https://www.ebay.com/itm/156313088161?_skw=furniture&itmmeta=01JNWWS70KDJN6VTQG3AH1SRT0&hash=item2464fc70a1%3Ag%3A65IAAOSwy0Zmm6WL&itmprp=enc%3AAQAKAAAA8FkggFvd1GGDu0w3yXCmi1cKQ3HygQsxu0TuEbxgE6nbm4dM8m89C6SQNjzQkml%2FyGIHy9W8ly2%2F%2BN993y2aEzFO3dyUkD8o6ETg1fsKoAOdt8UX4ld0nXroewNPJwaJf6ciMj%2BjsAH0w52PQYhTKkJFNsFYP4uJGk8HE5NmqrfhmKJBlyacQbWtqMQIh4ccBY3E0Er1QFeVd%2BqxssEvSRdb%2BPqY1dc9V2Ecj7%2FPraoRW64TRuy5eCiHsXc0rinHEsfwBgfMUn4%2BBLT041EcbRxIybTOTDXJaPHi6%2BGzz6Eoxb5ANu%2Fp2MqvpAoRYDzc%2BA%3D%3D%7Ctkp%3ABk9SR8Dw5JyvZQ&LH_ItemCondition=2500
ebay_images/image_1_50.png,https://i.ebayimg.com/images/g/JHcAAOSwRxVnpThg/s-l500.webp,https://www.ebay.com/itm/296990813965?_skw=furniture&itmmeta=01JNWWS70K1KEFG9NY8ZBW935Y&hash=item4526082f0d%3Ag%3AJHcAAOSwRxVnpThg&itmprp=enc%3AAQAKAAAA8FkggFvd1GGDu0w3yXCmi1cH0Zwd5s3hV0iwjM3Vvstiponvaok69IgQ0pAgZ9Swh3MzdJmONCAQINtQzA4jVkKOh21dHJTSFDZuXGtiiE4DSXS%2BzF%2BoGtWlpxnJhA%2FohCqvrAiqPA7HcCtHrG2jqQnugCduy6mNEftuIpikPgBJ4It4xniiwsWCqVQeSrVtxvD9iLhykYIoljj55jsmaIWtQ83I5v40dGrYWIpG40r8OH9YZZfZzIKyJwjOqMJkncMCWcCvLY5d8nyglRz%2B07QJeqmSkWdJfI2rAGsL6cKmkhQgTnl3%2BIsuZleShN0u5A%3D%3D%7Ctkp%3ABk9SR8Dw5JyvZQ&LH_ItemCondition=2500
ebay_images/image_1_51.png,https://i.ebayimg.com/images/g/ZzEAAOSw0kBnaX0t/s-l500.webp,https://www.ebay.com/itm/167202439648?_skw=furniture&itmmeta=01JNWWS70K9TXM485K3T5MJ8JT&hash=item26ee0ac1e0%3Ag%3AZzEAAOSw0kBnaX0t&itmprp=enc%3AAQAKAAAA8FkggFvd1GGDu0w3yXCmi1c4DORyxli%2FZc%2FUxoh4Xc1CKpVS0QOX1sdp%2F46Sj9V2SOvzT1QvKBQHwU09qN5AXzoGQo2c1Ksi%2BdtGxgD5J%2Bvnzle2TQq3eZO7XT3X8B69VX36gkQGkXO7PND7lwNaEpIw6Z9B7H%2Bcz%2FijkHIrEtOfyPPzE8CxbcUUnfn5u6a0sGPZvOYC3Eybt%2FtsTTeOxqocPfYx1iQ5O7S7ArAfUcRxqtUPk457SMs%2BI3TpK74%2FOwdi8hsBK97MN%2Bny1sxZWqoz86Avtj%2BZF7h6a0qM94mIeMjfuQIlIVWvDsrMe1WyUg%3D%3D%7Ctkp%3ABk9SR8Dw5JyvZQ&LH_ItemCondition=2500
ebay_images/image_1_52.png,https://i.ebayimg.com/images/g/p2EAAOSwV0Bm2Zd5/s-l500.webp,https://www.ebay.com/itm/387360689418?_skw=furniture&itmmeta=01JNWWS70KH7PTG4FSTK7T8HD2&hash=item5a307f0d0a%3Ag%3Ap2EAAOSwV0Bm2Zd5&itmprp=enc%3AAQAKAAAAwFkggFvd1GGDu0w3yXCmi1esA9bTcNXZLZ2Y1b7SDtpbHV2EGYY6t8wcYZNn5l0QJFfJ4xWQ9jp%2FjtnHvcmwhu9WwKWfwBWo%2Bg8od%2FChhMzczumUE0xuGCdPc18XKwNjmHR6Qo67xKKvAi8AUFyZW2bZ%2FE%2FXOcwQ%2FJGERrYA%2Fk8VguncTdUvriHywKXQ%2FLVmY0qftSBVMcBjcNlHH0SE7BX5osluk8mYLFRE1kNz2akJn9S%2BprN%2FMdBO3d2puJTsjA%3D%3D%7Ctkp%3ABk9SR8Dw5JyvZQ&LH_ItemCondition=2500
ebay_images/image_1_53.png,https://i.ebayimg.com/images/g/rjkAAOSwtYFnnOUu/s-l500.webp,https://www.ebay.com/itm/226575268165?_skw=furniture&itmmeta=01JNWWS70KF7QH18EAA6BX5YT2&hash=item34c0f03945%3Ag%3ArjkAAOSwtYFnnOUu&itmprp=enc%3AAQAKAAAA8FkggFvd1GGDu0w3yXCmi1c7dzGDZPqdGFR68g%2Fw2c%2BD%2FDxPUE1t1QOEr%2FX7i%2FZ3bcJQss81MBd5A2NGUuMh4HKIgYcB%2B2ZxfYVpvN%2FnP5PyYlNch%2B6%2FTZfxRtuXt%2B6EOlUzoZaaUhBfGa%2B7ICPaby5uyMwxW3aGcQdcLqAwnB32x6x%2Fq5YP6S5BFXrCaPk8jK1Cul27%2F1LTt4UgHhuFixSyHIbX4XhD28CFD3H70BDYsK%2BuLW0KZh819M5NEL901SWLQB9Z7RwG5OoQMRWkQ1%2BIkZxvkXGYIghbtIBtWAcKtgfU5FMc6QL%2BKW5w4hO1%2Fg%3D%3D%7Ctkp%3ABk9SR8Dw5JyvZQ&LH_ItemCondition=2500
ebay_images/image_1_54.png,https://i.ebayimg.com/images/g/nCUAAOSwxSFk~SRC/s-l500.webp,https://www.ebay.com/itm/305218689181?_skw=furniture&itmmeta=01JNWWS70KTX5ST2SBCGJMVMXZ&hash=item471073989d%3Ag%3AnCUAAOSwxSFk%7ESRC&itmprp=enc%3AAQAKAAAA0FkggFvd1GGDu0w3yXCmi1dbuYsRzdK5Qe69yZqSMWpGgLi92BbUzmgY6yR4gwRbsxMBC%2B3MKwXq7NIRiFYXUJ6T3yjIp3KzZEbHm%2FCAiftu7t5dCbLMqv4jXa13CQmuOmLswmtROn27sIsdyFMGLYiVHy6fIGigG18l1PBTKnbtmHD%2BFN8S3q4FEqppAm83x4sea7uN82OLrdJuzLZQCqEHhurl%2BpHa3OfCcJHzemHr9fLIQBsY68B7Jygzpw8e7%2BetN3EmL19TvYFLm7GhJmI%3D%7Ctkp%3ABk9SR8Dw5JyvZQ&LH_ItemCondition=2500
ebay_images/image_1_55.png,https://i.ebayimg.com/images/g/HLEAAOSwCApnpQnv/s-l500.webp,https://www.ebay.com/itm/396181279514?_skw=furniture&itmmeta=01JNWWS70KJ30PFR2E9KP0JB8G&hash=item5c3e3e931a%3Ag%3AHLEAAOSwCApnpQnv&itmprp=enc%3AAQAKAAAA0FkggFvd1GGDu0w3yXCmi1ejPa29GC1eOID971gm%2B4cFGuSmtXULEQlp5xFHNxcj1tpXFMIwBYd8Tx0zmzZzdz6omZ%2FRY4tL2nKV%2Bjgfbbh48xWFcC6WTWbB3u%2Bkqc9IhSU7ls4mV46FbNzgrNYzRWGhs3%2BCy5YnVF7rjBgchhWMavf7EkmraRkkVGo02KRTN3stoMUlVOyMbGVlk2dSekFuHlEFnUEGroHk2Q%2B7MWnRsWXXxhC3rnQstrEwd0LBHKZxb2V43WdJbmw8%2B1XoUYY%3D%7Ctkp%3ABk9SR8Dw5JyvZQ&LH_ItemCondition=2500
ebay_images/image_1_56.png,https://i.ebayimg.com/images/g/FEAAAeSwgcVnw27j/s-l500.webp,https://www.ebay.com/itm/135608312557?_skw=furniture&itmmeta=01JNWWS70KTHS9GWPH1N58K8VE&hash=item1f92e2a2ed%3Ag%3AFEAAAeSwgcVnw27j&itmprp=enc%3AAQAKAAAA4FkggFvd1GGDu0w3yXCmi1c51nMr%2FJzbhzCjeCU5Lji%2B5fLJva9AvXxD59dIdGMLvalUNJcw4DmTas4IRaZ8DrVe2PbU6ZUajcsl%2FEcx6qSwI%2FfFw0Ah0tRYLYwWcGIknKLGYenlp7Dl6uImogsBQH5GHXVkKyoR%2BI7H1pURwh9u46Cnvptwzz3O5dUn1njJYbvqrkwujUHf8PnDtx4r1TOKmnetClDj0vHFyxhmyYt6v1%2BdiYtBxOFse8%2BxiGnvlST0psjMkj4z0QDQzzOv1e3FiCXgpiMJxRZNSliLVo7n%7Ctkp%3ABk9SR8Lw5JyvZQ&LH_ItemCondition=2500
ebay_images/image_1_57.png,https://i.ebayimg.com/images/g/zu4AAOSwg7JmBmN5/s-l500.webp,https://www.ebay.com/itm/226147077786?_skw=furniture&itmmeta=01JNWWS70K6Y6DZ7YHS1905AQ6&hash=item34a76a8e9a%3Ag%3Azu4AAOSwg7JmBmN5&itmprp=enc%3AAQAKAAAA4FkggFvd1GGDu0w3yXCmi1dJjetM1v0hexHwytNgf9cnTHUYon8BzNoPv9iE5U6tUiTQVTlswG0ZmQVj7EaWnuFJ4G%2F8e6zlXtn5VpywNN0TOAw7nyAXbIkaLBsD27L%2F3BicyN1BCHri86dGnItPuyZEari%2B9hGNjp1YQDf2vyhf0XEc07hwLpC3VmMTbsVbrjAISnRU4Sga3qChDQDAfvzHlAWufJ5I%2FRUNROoKuhcMrei85YHo6gWrXD3eMUVvsFFcFak8tZVFpgcvrAUd1tOsJ6XZShRkO9FqS%2BebxKP8%7Ctkp%3ABk9SR8Lw5JyvZQ&LH_ItemCondition=2500
ebay_images/image_1_58.png,https://i.ebayimg.com/images/g/f-oAAOSwJ9tl0Krv/s-l500.webp,https://www.ebay.com/itm/166603298871?_skw=furniture&itmmeta=01JNWWS70KM8C5DNZYN7ZEWXZ0&hash=item26ca549837%3Ag%3Af-oAAOSwJ9tl0Krv&itmprp=enc%3AAQAKAAAA8FkggFvd1GGDu0w3yXCmi1dgE5Cu%2FPNDPFExy%2FTdT6cFSs7Apgaci%2BKDm8S2nM6fMctG0F%2FUYZFBfjtG%2B7PuXcyy32KuMPVSG70NzqCx3Uo8FkYCj9ak6P5H5lZCpvXxTJKtJ6JnnHqUN9BQQ8l58aRayBBYG%2BL5QvhrRZNJefW91bfuujCthqADzG%2BAHzZrR11ypwpH5DjX1AfyfkJrSfABtqPJb%2BMFVNEofGVRpdVqrCScKbTswwUhxuzzJeOB8rBPVAn4J9chJ%2FsVhWz%2FXR86Wen%2FvvmNEPYtWP1X1mxlPisQdV6GbfieXN%2FTjZz7LA%3D%3D%7Ctkp%3ABk9SR8Lw5JyvZQ&LH_ItemCondition=2500
ebay_images/image_1_59.png,https://i.ebayimg.com/images/g/~EkAAOSwZ4ZlDjMF/s-l500.webp,https://www.ebay.com/itm/266422783441?_skw=furniture&itmmeta=01JNWWS70K9WV4EKR0702TYQE8&hash=item3e08090dd1%3Ag%3A%7EEkAAOSwZ4ZlDjMF&itmprp=enc%3AAQAKAAAA0FkggFvd1GGDu0w3yXCmi1fnN1oqd6om0V0XZFMaJbZSGQnWxsaElHbHhixwQ94YwJJUejBcu%2BOpAe8jDyNTeVScQJ%2B%2FOUX0nCWYodteGljKW8gu6xggBwelRM76gWVSCWvxEguk%2FrEO8Y6PGxQFWspghCQkS6ju0Guswm1jmGJWb1wt85WtVCM52fJUBEuPkDbqTopMwPksFoAlyAEdO%2FphoQ6p0MIGl%2FQAk1RdXiOeW9MMskf08jhVhjMhUeP15oMAAnRtvFS6lRkEcAzxD0I%3D%7Ctkp%3ABk9SR8Lw5JyvZQ&LH_ItemCondition=2500
ebay_images/image_1_60.png,https://i.ebayimg.com/images/g/W5oAAeSwBh5nt30P/s-l500.webp,https://www.ebay.com/itm/146433323644?_skw=furniture&itmmeta=01JNWWS70KKYQ7ZBD1TTA6B01F&hash=item22181b327c%3Ag%3AW5oAAeSwBh5nt30P&itmprp=enc%3AAQAKAAAAwFkggFvd1GGDu0w3yXCmi1ft4xdYOrIuAUyRq7I4IdJSIKaaaoCiB0Eb0tsCVSuyN2MUYniltqA6T2%2BY%2FAoFpXk0YeNkfQGjA88jx4jopd%2FOpTt7I9rTbQSHfCZwIeqKGmJqpDSZoTfR4y72d8zMsraRWLiql1xLU%2FvAS4IYGz5nsepJog6BOnbLzTpmc5qa85mXegR05Mn4yoDFo0hKs5Qux4Se9En4aC0ucVA08Kk97hktWz0gDDLjxkXL6D2JSA%3D%3D%7Ctkp%3ABk9SR8Lw5JyvZQ&LH_ItemCondition=2500
ebay_images/image_1_61.png,https://i.ebayimg.com/images/g/-cMAAOSwitdns~cT/s-l500.webp,https://www.ebay.com/itm/396221090634?_skw=furniture&itmmeta=01JNWWS70KPFQS2968Q7RBRCPJ&hash=item5c409e0b4a%3Ag%3A-cMAAOSwitdns%7EcT&itmprp=enc%3AAQAKAAAA0FkggFvd1GGDu0w3yXCmi1eLG05NHbePJSapyFekQhoMrlQQn3uY3Yzp%2BVb%2Bmnn0uu4JiS8mW4RLRLr64ZF8Uo7swt5Wl5Tle%2FKkHmxVruYovSc4J9JrH1JptrqhrQ5zx2M1SDAgIdzgP5ft3C%2B59Fqf1qiqJqAR7BUijDyYLU4SjjXdok%2BoUVPd%2BVwLIqk6wu8Q0YqHaXm8aApXRKmgfnQU9WNtToE4P70KChi1bpU71pIMDSSGLLYomRQ%2BY1igvs7TxdApaH7ThxXhD8fBSM0%3D%7Ctkp%3ABk9SR8Lw5JyvZQ&LH_ItemCondition=2500
ebay_images/image_1_62.png,https://i.ebayimg.com/images/g/gZgAAOSwVDxnI~a8/s-l500.webp,https://www.ebay.com/itm/167345941538?_skw=furniture&itmmeta=01JNWWS70KE813G5GB9P8QQ8X3&hash=item26f6986c22%3Ag%3AgZgAAOSwVDxnI%7Ea8&itmprp=enc%3AAQAKAAAA8FkggFvd1GGDu0w3yXCmi1eSm0h076IMP4cix7gV35BkMxKQCPXWJwMBCMXnO9Z%2FbuL%2Bvh%2F%2BXW1jyKRquPYgnPgwR99MyXIq94f%2Btv8WG%2FxQV1O71iW9wehZPuPYdSU4v%2FTPR1T6fxj3TPgBN1FjqJKVvNBsBlsVhLGyreflT9DYr8GdgT0YYDnHRiOqOf7bzhKJiCMf9IMEX4mGZQbl4X5rqwzZTyNXNI%2FnXNs7co6cShBEKfP4Nsb3BZKl4DL6%2Bc6bvR16SEBa8G2hxIyDxz%2FPuop1b0ZNxwMJyyYb22pZoQ19yeFLQ8Wc0rbgIiNO%2Fg%3D%3D%7Ctkp%3ABk9SR8Lw5JyvZQ&LH_ItemCondition=2500
ebay_images/image_1_63.png,https://i.ebayimg.com/images/g/LS8AAOSwBqpnlvve/s-l500.webp,https://www.ebay.com/itm/256796110314?_skw=furniture&itmmeta=01JNWWS70K08RH11KVXSVNFHT5&hash=item3bca3dadea%3Ag%3ALS8AAOSwBqpnlvve&itmprp=enc%3AAQAKAAAA0FkggFvd1GGDu0w3yXCmi1d6DYm28%2B9MeDHYUlMT5PlPabNZV%2BkNC6FL1dYDNIrCicC%2BPAgkuvgdbVGGbRa1d4QpeUcYAnKp0WYvXyfnNaaRE7LiyjhQ6UgZYyX6OBuEa6DIAEGnUorjMHDp9tn9%2BTsI24dO5dJq%2BzKn06w7aS0ZmmRL6IR%2Ft5E92apXf%2F47fuJWJJyjG1IHGjVIPTUB4Mh%2BoUflt4uPubbOEhxpk5TIhNP1rUXzt5pSKH3W29ryF8q7IcSo1r1ulmEQIHkoAaM%3D%7Ctkp%3ABk9SR8Lw5JyvZQ&LH_ItemCondition=2500
ebay_images/image_1_64.png,https://i.ebayimg.com/images/g/zU0AAOSwu6xm-14b/s-l500.webp,https://www.ebay.com/itm/286379402044?_skw=furniture&itmmeta=01JNWWS70KKZCV0FX9X8FFP5M1&hash=item42ad8ae33c%3Ag%3AzU0AAOSwu6xm-14b&itmprp=enc%3AAQAKAAAAwFkggFvd1GGDu0w3yXCmi1ezgbZn3hVLhGDJxACW5i2ZZPH38nULJ%2FQszWWFwnkpQ6msW%2BeQvXxSqixOtV7quzUDn6JbzymFcjwXxTma1l%2B1ALqzxV3JXj6aMP5u%2Btfi9K7a%2F4htHGtBwHwUzObg75cGjYqB2xRzVvQ5D6k4KnS%2FyXQFvXyl36fKaaSB%2BxIAoQ6hptXhJIvbMLnvYljhYW5b17ToSA0BDDMFrs4yQu8k6JpcCHv3ZQC%2FBXtXBiXkdw%3D%3D%7Ctkp%3ABk9SR8Lw5JyvZQ&LH_ItemCondition=2500
ebay_images/image_1_65.png,https://i.ebayimg.com/images/g/UqEAAOSw~Q1nBEk2/s-l500.webp,https://www.ebay.com/itm/395771562259?_skw=furniture&itmmeta=01JNWWS70KA3T9Q1K5PAEPX32P&hash=item5c25d2c913%3Ag%3AUqEAAOSw%7EQ1nBEk2&itmprp=enc%3AAQAKAAAA8FkggFvd1GGDu0w3yXCmi1fbqgrQrD%2FWCODdRhwkqQbcVv7nQyAqYjJWyGdUPM1xmsx9%2BtngkbPX4ds91YObUSlAvKlkCTaxsoUgGUt%2BAL2RSURFxzPKorQRBzUt3EYe3xs3fKlel3hHHEoTqOVrWubL%2B%2FS8twHw%2FfMLm2BysU6fOlqNkSXr8nlqbTekuAfZp6uofzgHaCzBeXhCCZNlj2dbjiYGOHrGFbfmdrcirxYR4WWB2BWSD88au3N7Wf%2Fp%2F4wIDP5E%2Fs2QwH5HYArUqQVtX85Bnbs%2BMvje2qitIsg3MUgbSZV3MNHBqbUYa9bHug%3D%3D%7Ctkp%3ABFBMxPDknK9l&LH_ItemCondition=2500
ebay_images/image_1_66.png,https://i.ebayimg.com/images/g/josAAOSw6chnBB1h/s-l500.webp,https://www.ebay.com/itm/395771022995?_skw=furniture&itmmeta=01JNWWS70KJSCCSWY7SEMRY7Q1&hash=item5c25ca8e93%3Ag%3AjosAAOSw6chnBB1h&itmprp=enc%3AAQAKAAAA8FkggFvd1GGDu0w3yXCmi1dhn1YpRaYfqFfsodwIqxJXR%2BUcP%2FIQ0EpqkN75x%2BdtLvzbzScwv7QwrN9Vz5uUMPpXrj9ggq5CvQCeNK2b7Pc3UAHFgOnylCbKgh%2FAdZqzpMWpVX3ymHBFoprcQ4wC9uPcpznkR6wUtW1y8RytS9DC58WJRidjd5ywE%2BbwcDn9qBCcZACPaR6mkPc9uSYw5PDgs2rkwFxK6yE2omGT%2FIzIkynJFGBgcyPkI4XBx4foAQHOA7OjQp3rWgH6mJNdKfgD5h4EoigRNLkPmSpOIpjv7EEjVd2HY%2Fj7LkG%2BWZ3Fng%3D%3D%7Ctkp%3ABFBMxPDknK9l&LH_ItemCondition=2500
ebay_images/image_2_0.png,https://ir.ebaystatic.com/rs/v/fxxj3ttftm5ltcqnto1o4baovyl.png,https://ebay.com/itm/123456?itmmeta=012DEW30YG0MEEKND7NH&hash=item123546:g:acwAA9KNiJowH:sc:ShippingMethodStandard!95008!US!-1&itmprp=enc%3AbgepL1tlUHjMGCVfSTGJh%2BzsVKeJ3CQk7NizDI4BZeppuFnmyS6Ijyp8lh%2FnEw%2BWqO7uTV1Q6izE1R0T54aV8j71F4xlWfVcGft4%2FiOQhtqVXA1rW6M1atPARQRmhqUxtEPJKhKtSFgI%2Bvwlzb0GwVCtkp%3ABlBMUObkmabpYw
ebay_images/image_2_1.png,https://ir.ebaystatic.com/rs/v/fxxj3ttftm5ltcqnto1o4baovyl.png,https://ebay.com/itm/123456?itmmeta=012DEW30YG0MEEKND7NH&hash=item123546:g:acwAA9KNiJowH:sc:ShippingMethodStandard!95008!US!-1&itmprp=enc%3AbgepL1tlUHjMGCVfSTGJh%2BzsVKeJ3CQk7NizDI4BZeppuFnmyS6Ijyp8lh%2FnEw%2BWqO7uTV1Q6izE1R0T54aV8j71F4xlWfVcGft4%2FiOQhtqVXA1rW6M1atPARQRmhqUxtEPJKhKtSFgI%2Bvwlzb0GwVCtkp%3ABlBMUObkmabpYw
ebay_images/image_2_2.png,https://i.ebayimg.com/images/g/rBEAAOSwl9pm8ueN/s-l500.webp,https://www.ebay.com/itm/156425530317?_skw=furniture&itmmeta=01JNWWSK3YXG4HY04N3GEPY70N&hash=item246bb02bcd%3Ag%3ArBEAAOSwl9pm8ueN&itmprp=enc%3AAQAKAAAAwFkggFvd1GGDu0w3yXCmi1e6gJTLnNhPwxvUFv9wknYJh%2BIQlg04mdbmsK1B%2ByiWS51OdvKsirtxkviwYLC0iUkvscE6YbD83DlfB3gvvkPOD4MjrOlhsGc%2B57YQXU2fN6FzqmXDYeYQfPaFwHk9KHdKio68Cvz55ptITIp%2FvOnf1NtRJzi9bwjQy6Scrsz1AozmoNzOTTcZf4iI4nk48u8cS1wKpYpO%2FvPzPHets7PPPS2%2FxVnKGVfUQAAJUhtz4w%3D%3D%7Ctkp%3ABlBMUKiy5pyvZQ&LH_ItemCondition=3000
ebay_images/image_2_3.png,https://i.ebayimg.com/images/g/9cgAAeSw1WNnq7ux/s-l500.webp,https://www.ebay.com/itm/335808614970?_skw=furniture&itmmeta=01JNWWSK3YX4RGR55NT748SV4R&hash=item4e2fc0d23a%3Ag%3A9cgAAeSw1WNnq7ux&itmprp=enc%3AAQAKAAAAwFkggFvd1GGDu0w3yXCmi1fuTgI4OCpwWCIubiHyDN05hktQW%2BFCa%2FDkeeiv4HNjjyIga0YiVgO1S7uercjIijJnOyGBApXEq5WgHDtX8pYA9qfaRqQV6%2FZNmL8Xtqc%2F12fiBQz4rI1yQzW%2Bb1KhkvW7uOLy9neHb%2BQD%2FUEQUsBrjPdTwO5EWEdCJYcdZAhOJxLzBV6ygzWYjJDdl%2BPp7RJjtrSrP6TNf%2BqdMy2vUAObwrVCNwJ%2FqMg%2FNztBhmRj9w%3D%3D%7Ctkp%3ABlBMUKiy5pyvZQ&LH_ItemCondition=3000
ebay_images/image_2_4.png,https://i.ebayimg.com/images/g/deEAAeSwGeRnzSPk/s-l500.webp,https://www.ebay.com/itm/235996121270?_skw=furniture&itmmeta=01JNWWSK3Y86PYJEQ5S14Q8WEE&hash=item36f27708b6%3Ag%3AdeEAAeSwGeRnzSPk&itmprp=enc%3AAQAKAAAAwFkggFvd1GGDu0w3yXCmi1c7ub7WnuL7z8zzIpDwKkW0VqH7cEW%2Ffa3m8MHnpF25L9uHJsgZIJ1DprRZY10G09IYE2koLfvXpmSY7jjZUzJju0p8%2FhYP%2Bkhc4weXS9KAXoNilrynC%2Fbne8%2FDpQe4ARbKNGO32%2FTX79yzfzFwf6nP1BaN0hXL7WANrCg4ornA9L8Hmxo99BNXy%2BjyIsgbzt8KqQNDuoEvXUhVhjZ0Ejkaj6bwrUEeGCjE4aLe5CJdtQ%3D%3D%7Ctkp%3ABk9SR6iy5pyvZQ&LH_ItemCondition=3000
ebay_images/image_2_5.png,https://i.ebayimg.com/images/g/lIwAAOSwTIdnBXSJ/s-l500.webp,https://www.ebay.com/itm/116350908843?_skw=furniture&itmmeta=01JNWWSK3YYEG64Y93MP5H9DKS&hash=item1b170df9ab%3Ag%3AlIwAAOSwTIdnBXSJ&itmprp=enc%3AAQAKAAAAwFkggFvd1GGDu0w3yXCmi1fEVTH%2BcwFHRhFFr7solWB4CUI%2F47WeaaAECezr2HkG1iSo5iJt5GRnp%2BzLKPyuQSaoi6JeDwBrq6yvg%2BeMHfzcDKYnHXJ1bwr%2ByRxXlIHr%2BiUJLuOigvKVU1Yg%2BmIq7jvuZiYzrTZTn8EN0aSxOiaz5QDZlisR4t8hO1JpDzLAh3JuKwUwfrTYTpFTF7GNdJ%2FpGXzmYqri4iLSzOKLOuSE7JtY4JLTQsrtTOMO7qo%2FIw%3D%3D%7Ctkp%3ABk9SR6iy5pyvZQ&LH_ItemCondition=3000
ebay_images/image_2_6.png,https://i.ebayimg.com/images/g/tqgAAOSwEpVnzTz1/s-l500.webp,https://www.ebay.com/itm/146438217791?_skw=furniture&itmmeta=01JNWWSK3YMDBYPMT94Q8VBT5X&hash=item221865e03f%3Ag%3AtqgAAOSwEpVnzTz1&itmprp=enc%3AAQAKAAAA0FkggFvd1GGDu0w3yXCmi1c83AS44NiOcPkyxDZALlgomCEonazeIxPVzsM96TSzbPnk60AZEnfaVam9InXDJlQD19%2FBvrVPppMlRLaSL5HCr573PGPr82TxfC3zRN2p%2F2gMo%2B5%2BTgdRhHQmnkkH8sdAvysbUgeFQkdyH9J1k%2BYe%2B9LSArOS%2F003KQzEsPMqRhPcqhV7o67TP%2F2MVWFXEWH%2F6DOmCh6XZX31Vtynr3WUVUenhu1z%2B6XSXUeBu5nK%2FHu2h3BOeNkbHY%2FGgjXsB5A%3D%7Ctkp%3ABk9SR6iy5pyvZQ&LH_ItemCondition=3000
ebay_images/image_2_7.png,https://i.ebayimg.com/images/g/XXgAAOSwl6ZnzTgm/s-l500.webp,https://www.ebay.com/itm/286394824850?_skw=furniture&itmmeta=01JNWWSK3YSMAK0P0TFDAPQAW1&hash=item42ae763892%3Ag%3AXXgAAOSwl6ZnzTgm&itmprp=enc%3AAQAKAAAAwFkggFvd1GGDu0w3yXCmi1f6wIFGQuoa4ah9%2FA6YABd8eOQcljJT3dIVlYnppwmntft7%2FipGrihqezS2rfg0w8jNDILm1fv7SmuFKgxv%2Fqam2usDoTmaFa07cvb3IR6VG2sH5IoU0NHW8WRMtcau1FcQtsv2UX1AV4gXKg4LIO9S%2FJAdYekqEBkZIjO%2BPmKOGnmbK4fSA7RX0GSUxqyuJeoys5XMFz2dnrmhl%2BmVoOkC7oAXF0flWCqLAAMvN23JzA%3D%3D%7Ctkp%3ABk9SR6iy5pyvZQ&LH_ItemCondition=3000
ebay_images/image_2_8.png,https://i.ebayimg.com/images/g/EtgAAOSwedVnyh05/s-l500.webp,https://www.ebay.com/itm/326474938050?_skw=furniture&itmmeta=01JNWWSK3YX3R6RAX0GDW5495M&hash=item4c036c36c2%3Ag%3AEtgAAOSwedVnyh05&itmprp=enc%3AAQAKAAAA4FkggFvd1GGDu0w3yXCmi1etLR9dETosI1TyNyb0s2VfOenjNXeP6B94sQrLwJ0UpOAgz2SkW7%2Fik8fKVnfD0nbjiSWJNQu7f2OFC6BCQblQYAqMmQRBdEZViyxFT3PYmsctR4S%2BJLowdZJv1BfGN2LK9KRjYjfwOQZ9d4JIxabouWdzhwRuS14LAyh0TKevfJEkq4AzwXz1JKHvUdpTUj3wKZgdn3AYXMjvcxj9jVTwKp2FH%2BLQgWBD4XLP6E%2B5KqSukHKNYqQN9hVuVxl1vZJm9o1OGVtknPBnxOsrqov0%7Ctkp%3ABk9SR6iy5pyvZQ&LH_ItemCondition=3000
ebay_images/image_2_9.png,https://i.ebayimg.com/images/g/MQUAAOSwUuhnzLtV/s-l500.webp,https://www.ebay.com/itm/135608445337?_skw=furniture&itmmeta=01JNWWSK3YCEPRQ1M3552PMDY5&hash=item1f92e4a999%3Ag%3AMQUAAOSwUuhnzLtV&itmprp=enc%3AAQAKAAAAwFkggFvd1GGDu0w3yXCmi1eW5kwXAW9sCroZaEOUFi395%2BZs931x%2FdoluSBLxK0eeVa%2BiebH3jG5Q7wFxRDDMvQ4IXevtprDWcqaE2OVUV4RLFVUCgxCMQNUKv%2BTZN1Bkkyq2rK5O1PN60JuAK7qxHfSuq3JOhypTDuV8BZ7AY14Cf%2BT5DUSXLAGxliomOrBoRSWJoV4kVCTdOAJE0kpsbbTkz%2Bb7Wwsi73WxdM2R6IIAddQ3DN%2BrKqMI87tb2PjXw%3D%3D%7Ctkp%3ABk9SR6iy5pyvZQ&LH_ItemCondition=3000
ebay_images/image_2_10.png,https://i.ebayimg.com/images/g/SqgAAeSwTMxny7zj/s-l500.webp,https://www.ebay.com/itm/356644335181?_skw=furniture&itmmeta=01JNWWSK3YNMY145X23XBK1BBD&hash=item5309a8ae4d%3Ag%3ASqgAAeSwTMxny7zj&itmprp=enc%3AAQAKAAAAwFkggFvd1GGDu0w3yXCmi1dCdqnmBNjpPv%2FTww72d4vIV1mGuY8puJVqcl53tFldoRwSyXXt%2F4j9q7hek%2Btc1GQSn3EzwAwDDg5btAvIw1%2Fmpk5JvBLJBsx024Ua1dbJPewCHuFv46wpl2eZfZ%2BtVpBGocVbVrBsXg6fV9t8DMuZRdaY0%2Bfhshr5Jo4R7MIF%2FveyB9bUrukT9fw28j2iyLk%2FP3UdMDaraRkcbMztz6XWrjTgGTKJStNEq825s%2BliEg%3D%3D%7Ctkp%3ABk9SR6iy5pyvZQ&LH_ItemCondition=3000
ebay_images/image_2_11.png,https://i.ebayimg.com/images/g/6ZsAAOSwhchnmQim/s-l500.webp,https://www.ebay.com/itm/156754791244?_skw=furniture&itmmeta=01JNWWSK3Y0N6AEMNRSJS8JKTY&hash=item247f504b4c%3Ag%3A6ZsAAOSwhchnmQim&itmprp=enc%3AAQAKAAAAwFkggFvd1GGDu0w3yXCmi1dj1Sl7ncOl2sV2Wzoh3edoVORSkKEh%2BjCdnta2AXSPGngsaENKn0M47gPhkQVrcpc6QHgFxXU7m%2FxDS%2Fapruu2nHu8YXXaglJ%2Bs13IMv%2FE4NUE15ybZuajoLGWbWGLcQY1hSnSEYUSKVyNDit0ehtWbJLabtyFYUoQmCGtMe%2BqKxkXE8jIhvdtXeqob9Elt12KPYIEd5YM30wNjcDnMIDGRZZb0GHZOELCQv8iPJhNbg%3D%3D%7Ctkp%3ABk9SR6iy5pyvZQ&LH_ItemCondition=3000
ebay_images/image_2_12.png,https://i.ebayimg.com/images/g/3kgAAOSwpZFnzEkl/s-l500.webp,https://www.ebay.com/itm/326477269138?_skw=furniture&itmmeta=01JNWWSK3YKTKMVQXB1VPDYG28&hash=item4c038fc892%3Ag%3A3kgAAOSwpZFnzEkl&itmprp=enc%3AAQAKAAAA0FkggFvd1GGDu0w3yXCmi1ffReZ8iXC7l6Or6ty7tZahdL9cwjgZEOekTlJ3fmKg1WTMEVUjLj25%2BpszygJytCiXleQZw5lR6DfpJKt%2FquEK3MtxeGDWCQ0MiqpGHPIdiCOlGFw38X3KnmKK7s11fN70emDCUn7%2BMv71EI7ykflW2db2E2Kg5%2FCgickSmC9WZ3ryvFPlQLvqiD1owWnPRqqKeniXqFPuWmS1ROWQn5%2FoTYcorvbrFz9wNtAsTB5EZ0jlY2STbUdV4KiV3P%2FX3hw%3D%7Ctkp%3ABk9SR6qy5pyvZQ&LH_ItemCondition=3000
ebay_images/image_2_13.png,https://i.ebayimg.com/images/g/xC8AAeSw9D5nzQb0/s-l500.webp,https://www.ebay.com/itm/187028957429?_skw=furniture&itmmeta=01JNWWSK3YTMZ4Q14NMYCKAXGM&hash=item2b8bcb68f5%3Ag%3AxC8AAeSw9D5nzQb0&itmprp=enc%3AAQAKAAAA0FkggFvd1GGDu0w3yXCmi1d%2B3hFn%2FseQQ4B4odPSU3MsthDC6OuRMtxTiNqWeNB6xuWK1Ew6LjGbSJrutFF3ChSpbNQmQZdUKQIQzIAyyLMwuDXEcLb0mHiTqznpovonwXocFu1fuwzwv3Z5tmpkyLJulgxq4%2FRyORMly6pKz8wSlU8JydsvdeAFYoYZFN5fTz43n3AAAgwoRQ%2F4e5fmAw5%2BjjwWJFzHFpWXnRSlWrKZU6DAZsQYbUYj3tOm08BhbtEvw8R5DI5L5bP%2FC%2BXvUmk%3D%7Ctkp%3ABk9SR6qy5pyvZQ&LH_ItemCondition=3000
ebay_images/image_2_14.png,https://i.ebayimg.com/images/g/7kIAAOSwbU9naG0u/s-l500.webp,https://www.ebay.com/itm/126845314219?_skw=furniture&itmmeta=01JNWWSK3Y2D57FNCJF984HR5T&hash=item1d8891e4ab%3Ag%3A7kIAAOSwbU9naG0u&itmprp=enc%3AAQAKAAAAwFkggFvd1GGDu0w3yXCmi1duxfPdlh1Kr7qAktcvy7WLf28TL0dYVMcoiRVOa1org13XR1lsrgH5HPSL%2BtEznUW5IWm2lp%2BuPJSU8HsTSbsk%2BAuZJrmk2J6jcuefzPG%2B28QJiTrLY9l5xnTegmUddLTBCxltiBPyyKAaSYY7md2%2Fsh6jYINePkllXq0r%2Bk00vtnFEmE%2Fzwq0qBmOEA54lB4vkf%2F1g7%2FbnIKVbu5NmQFwKCQveCWv3sUtGIM8tvGWdQ%3D%3D%7Ctkp%3ABlBMUKqy5pyvZQ&LH_ItemCondition=3000
ebay_images/image_2_15.png,https://i.ebayimg.com/images/g/5MQAAOSwHehnxbgo/s-l500.webp,https://www.ebay.com/itm/167352044268?_skw=furniture&itmmeta=01JNWWSK3Y5G3WC0WHFTH3BQCV&hash=item26f6f58aec%3Ag%3A5MQAAOSwHehnxbgo&itmprp=enc%3AAQAKAAAAwFkggFvd1GGDu0w3yXCmi1dn59XZQgBaCN5J6xPjk1Svn1AVlkC98Qv1Q86NFcprwyOuyGilTj5dkKAytdGbGVYz%2BaL74u5SkvFWjWJsvxoyjyxn6F9x3%2FXa1o7kx9CXN3b6UhCenWQ60075Lb1jQ5Heq6VSRvj4Jzgpw5AkixM%2BgduiIfR6%2FRFPOTvr0vtB1aKhq4VgYAAkrP887PZoOtiMt5Eac7QIb1AA7kfONZltmnUElxvMzDKr%2FUs452OkKg%3D%3D%7Ctkp%3ABlBMUKqy5pyvZQ&LH_ItemCondition=3000
ebay_images/image_2_16.png,https://i.ebayimg.com/images/g/RocAAOSwArFi1Bfx/s-l500.webp,https://www.ebay.com/itm/256465449147?_skw=furniture&itmmeta=01JNWWSK3Y34G9NTVFM82GA780&hash=item3bb68830bb%3Ag%3ARocAAOSwArFi1Bfx&itmprp=enc%3AAQAKAAAAwFkggFvd1GGDu0w3yXCmi1fbIeovxvYa2Zp9vQcoIskkjIJww94pPNBETDgefa5vlE6D6ej9HLsMoATAoTj%2F7D%2Bm%2F7Mxj0i4UVAeoTZzBDMG8r1wqkB34wdpq2bksouTgdhOkPVskiOYnVuWZVxdMLre1%2BsDMr%2BOVtYCZzXtykRoP%2BhQ%2F74TlKauIp9U4g5aqYzZZw6jQtMjzgzOGl%2FzOPPfyK3PgxT1wKPoI834j1FXGdpQlcy%2B%2FX6exnEMM8vqqw%3D%3D%7Ctkp%3ABlBMUKqy5pyvZQ&LH_ItemCondition=3000
ebay_images/image_2_17.png,https://i.ebayimg.com/images/g/h24AAeSw1GVnzIFH/s-l500.webp,https://www.ebay.com/itm/126982420376?_skw=furniture&itmmeta=01JNWWSK3YHJCS3FQ8YWFXS0PQ&hash=item1d90bdf798%3Ag%3Ah24AAeSw1GVnzIFH&itmprp=enc%3AAQAKAAAAwFkggFvd1GGDu0w3yXCmi1d3RVEGBwM4CILu83Mypob9n87tyY4olT0kHW5jiirx3tdH2q0nx0uf1cwHpHKNOxEkFmMKLkHOzAkcvQxmTdWgSrdvmK91CRLEBkAOWAFaK%2BzGeFme7ydMrMCkGLYhZ9WZV7uBYNFBMiKDERUr8hAyMcqzeoHlwkHcP8nytlR%2FolEcnkPCRbuQTvuu1G--%2FphuXlLU99%2FaGBDb6CjnNfn1fRL2Uqro3FBvDRM%2F56fM5A%3D%3D%7Ctkp%3ABlBMUKqy5pyvZQ&LH_ItemCondition=3000
ebay_images/image_2_18.png,https://i.ebayimg.com/images/g/jUsAAeSwBjpnzIu~/s-l500.webp,https://www.ebay.com/itm/226636564772?_skw=furniture&itmmeta=01JNWWSK3Y3H1WPECC6WV3XZBS&hash=item34c4978924%3Ag%3AjUsAAeSwBjpnzIu%7E&itmprp=enc%3AAQAKAAAA8FkggFvd1GGDu0w3yXCmi1fWknGnLld72%2F9KUU5vT2KzGDrFshKOVMekp77Aimrk2pDpFgCDBI8%2BxhVB0fXbBQBW5uJf%2B8AhgrRU005vjcNFPVF6yglLcsN0zN8iBOUibYWYNP9BljLlgUrxHJFEN7%2FG8MCGQbqIpFoUo3hXw%2BU3SKisUv8YnaHvAWbl3VDQ9L4eAlTaMAWtmZq9BuESE2tAru8%2Bk364Z8gE6j2TDKGKlARmhty8b7Lomgam9rS9bGUWKPM%2FDSo%2B9P7%2FY5p8BN5JZRxPfhCwTjhsaNHTM8EoLAFxQClWZ6%2B%2Fb2SELNlthw%3D%3D%7Ctkp%3ABk9SR6qy5pyvZQ&LH_ItemCondition=3000
ebay_images/image_2_19.png,https://i.ebayimg.com/images/g/D6oAAeSwgdBnzNlK/s-l500.webp,https://www.ebay.com/itm/126982843478?_skw=furniture&itmmeta=01JNWWSK3Y6SBCM095WP792T7W&hash=item1d90c46c56%3Ag%3AD6oAAeSwgdBnzNlK&itmprp=enc%3AAQAKAAAA8FkggFvd1GGDu0w3yXCmi1fB%2BHp2crabouY8dwwk4%2BRZVRa4Ml3taw%2F4BLaO2Y2ua%2B%2FnEya0koCrhUAXFs2qc6yefTy7B5V%2F0GpoJVN54xlc4hLtm7Iroyhe7L4QIP5HJ5a6xSz%2B46bR49FybbLzzS0EWnI2kvbiPmP7jp4%2BpfkpKSD8NVerjRJn6gfa8iYpbwUluEJzzuwVPgGfiNpwWoc9uRAvYldiT0%2FHJcnyos603xX1Hxnf%2FwfgE0AyWUgOfzukv4x3X%2FOrkwa3bOXXIVW7TBtlrOPJ2TCO2O45chMhKBJ%2BwwmaCq%2BkOa%2Bl36eptw%3D%3D%7Ctkp%3ABk9SR6qy5pyvZQ&LH_ItemCondition=3000
ebay_images/image_2_20.png,https://i.ebayimg.com/images/g/wjMAAOSweTdnwoEB/s-l500.webp,https://www.ebay.com/itm/256837355159?_skw=furniture&itmmeta=01JNWWSK3YRWGVFERPEFWVMM1R&hash=item3bccb30697%3Ag%3AwjMAAOSweTdnwoEB&itmprp=enc%3AAQAKAAAA4FkggFvd1GGDu0w3yXCmi1fWNUbWVk3ho5D0YPKELGgIVjgli7kdInmkoTr9ztstSfBaIXvbraVJ3aVPp3qXnfooFMq7fALps%2FzpEn1k%2BcsNgCY2KqzZCgu9fu4MXBAF9CyF0SF5%2BOyXf6qWB%2FVdhuovxxgBAbbCAwaAVrBTAdrWCZM%2F%2BC0SMQPJOSCgkCvz0oBNe%2FfUOszJb4yghPj2g%2F1SZoUh%2BVfkd0oUOwjSQd8rp5UNR0a%2FOKG6y9DP38p%2FwLtS5pOAHnlZRqMvftOBMStAz4kj69LTUErjGDgXh2Md%7Ctkp%3ABk9SR6qy5pyvZQ&LH_ItemCondition=3000
ebay_images/image_2_21.png,https://i.ebayimg.com/images/g/VxkAAOSwszJnzP51/s-l500.webp,https://www.ebay.com/itm/267182959448?_skw=furniture&itmmeta=01JNWWSK3Y57R083MAEBM05ZZ5&hash=item3e35586b58%3Ag%3AVxkAAOSwszJnzP51&itmprp=enc%3AAQAKAAAA4FkggFvd1GGDu0w3yXCmi1eI8XCGCT49Q0%2FUMxm4ZyKSf5Ng4aNi9z%2FvF2su0zcalGvo%2B4fML0qS%2F%2BGZvQkT%2BYc3rUanuoeWFf32SFFoLcCimlLKA8qHegxF7eaEPb9karhdyJUyXEFU%2BNQerWLYB%2BjprnqsdqOXx%2FXwpVDW2qY3nOKQeSBkXruPE3WIdatVUsXC8TKBLJSv0njpCsRwlsZRfpYmKGg%2BWDC0BRcKN36gqFqmZ5hgq3OgXGb4eq9k%2FaJpVn2e%2F8YBPbILmtqB1n1ewoFFq5L%2FCXIO%2BHh8BK2N%7Ctkp%3ABk9SR6qy5pyvZQ&LH_ItemCondition=3000
ebay_images/image_2_22.png,https://i.ebayimg.com/images/g/p7QAAOSwRTdmtUDz/s-l500.webp,https://www.ebay.com/itm/335523085093?_skw=furniture&itmmeta=01JNWWSK53WAD3ZF2Z62X4PP5P&hash=item4e1ebbfb25%3Ag%3Ap7QAAOSwRTdmtUDz&itmprp=enc%3AAQAKAAAAwFkggFvd1GGDu0w3yXCmi1dtBHxL0XcqqFa5HGxViGvu5wUEonS07pwW5YQ%2BRM8Qa9Likk189GSXQdVaOHpsdePjtKuVlyP9%2FXby00YAq8JKvWEZA3E6oRkZuswnMCnMS2oaYC9cS0DYbT9G2qZazkbMbY%2Ba%2B6Abr50GiyTDlSXTCnD9TxwyBRiS9lodSL%2FShtdjgfNmaVIwhhpev9oK6vUMSogMJ1PDIXBpaF%2Fufh3Htk7gLYvGXeFAT8zOtob9nQ%3D%3D%7Ctkp%3ABlBMUISz5pyvZQ&LH_ItemCondition=3000
ebay_images/image_2_23.png,https://i.ebayimg.com/images/g/I7wAAeSwlSlnvNRt/s-l500.webp,https://www.ebay.com/itm/126960294675?_skw=furniture&itmmeta=01JNWWSK53F3SZMK34MCPR0PRG&hash=item1d8f6c5b13%3Ag%3AI7wAAeSwlSlnvNRt&itmprp=enc%3AAQAKAAAAwFkggFvd1GGDu0w3yXCmi1f0Ruy41V9qlSHq0BOdrVhQ%2BRcUaj%2ByGSOMHdlf%2BNB81P7vZSB27aE27p6Dqqg3YHZh%2BqjADeNNze%2BHPNqGAt9KlD5BKziQtuF3OZN7vBVxhswLqMkNZowtceZlnoSRldf71VFIsFLEfnUWHBGgMNEVWp4SQz0qnCUfG%2BuffL%2B9EXMhcqkQUN69SIE26DDXFuJ6GCuNK%2Fd05o5BjID0A95gVX%2FHc%2FTLEv%2F8Xcud7ZJdtQ%3D%3D%7Ctkp%3ABlBMUISz5pyvZQ&LH_ItemCondition=3000
ebay_images/image_2_24.png,https://i.ebayimg.com/images/g/424AAOSwGZBmtT49/s-l500.webp,https://www.ebay.com/itm/335523070954?_skw=furniture&itmmeta=01JNWWSK53NV35KNFGWCPG1NPT&hash=item4e1ebbc3ea%3Ag%3A424AAOSwGZBmtT49&itmprp=enc%3AAQAKAAAAwFkggFvd1GGDu0w3yXCmi1cbiizNh5bM%2FAqwdf4dbI3gWUeWAnR15OeXkKsbYAjdsNJd573y9u%2F0y5ReGa3wbx4BZ4gu9R%2BQbZOkzdGMYp3jrXvob7f%2FZnV%2BIvqqE%2BhERHIrlL8QjfLkyp7tSDwZ7HaTudnZ%2FOsXHkw%2BirMr%2FsFaMsFv9sQj90cuPhOeRiQH%2BxLH39%2BJXfTWkmgK2lIlRP21buCdeZ2fkOZWWAnMYFd9LGQMSsMwic1vvdnQefBcZw%3D%3D%7Ctkp%3ABlBMUISz5pyvZQ&LH_ItemCondition=3000
ebay_images/image_2_25.png,https://i.ebayimg.com/images/g/TkgAAOSwcXBmD1f1/s-l500.webp,https://www.ebay.com/itm/305599914975?_skw=furniture&itmmeta=01JNWWSK538RS9JNTYF0CNTH2B&hash=item47272ca3df%3Ag%3ATkgAAOSwcXBmD1f1&itmprp=enc%3AAQAKAAAA4FkggFvd1GGDu0w3yXCmi1fZpVHKjGeblBc4wrsgMb5GOPL7Z%2FbNceIpyuCQVeIAtp2GX6ffZoMj0cfB2Ne9SnfUP04NNPncDCTNcp6NXSADtuuWkmyF%2F6ruqsJ%2BMj4mKBerSQ%2FEN4kKg0neemFOQnz0XnweoieLgEsFjgyuJ3XZdZjIpF4okLu4nsv7ruajGO%2BGuPZkYUOlevMyd0Bij5Z49qTjMbQd2nclXBaXYTrupsIh4qatR7BjdXAELAXI9CFcs6lRRdjW%2BnpMQUXclPiogqK2562SK%2BLOh9%2BSwIua%7Ctkp%3ABFBMhLPmnK9l&LH_ItemCondition=3000
ebay_images/image_2_26.png,https://i.ebayimg.com/images/g/nsAAAOSw809jD3pD/s-l500.webp,https://www.ebay.com/itm/394222672609?_skw=furniture&itmmeta=01JNWWSK53YVS5M9EDNGWXTZNQ&hash=item5bc9809ae1%3Ag%3AnsAAAOSw809jD3pD&itmprp=enc%3AAQAKAAAA4FkggFvd1GGDu0w3yXCmi1f%2Fbl2KpUmxc2MqI5gDMZKso4PSZtb5oUjqcE6L7LVVMflxMQdquUag7x2Z0ij%2BTQ2PX1k87zGNYYIHrIFaxZawituZb%2B%2Bxo4%2FRBS1MAoMKHMnvAv45gcd0hEu1D%2BWjLa84lr3Wj%2B%2BrxnhhZSfUhoRcwlkvz9bHqy%2BalV4XTXAjPBO00uzzXNwP2V%2FilwQ9ea8G8oqY%2FbZ0UiYpjkISZeCqg6AMkcwoqT41JMjUzCRNV1lm%2FVRVQCh9qogvp%2BHHuZk4uv%2BowgJjbW1LOe4bnGkk%7Ctkp%3ABFBMhLPmnK9l&LH_ItemCondition=3000
ebay_images/image_2_27.png,https://i.ebayimg.com/images/g/2QAAAeSwtx1nyzV1/s-l500.webp,https://www.ebay.com/itm/306164112034?_skw=furniture&itmmeta=01JNWWSK53E0GJ1WAAD2K3YJMJ&hash=item4748cd9aa2%3Ag%3A2QAAAeSwtx1nyzV1&itmprp=enc%3AAQAKAAAA4FkggFvd1GGDu0w3yXCmi1ctWsrcjjH5KCZautDvhKnOmlkLnF0KdKs353tIrt3uYAFAij1%2B3dFamElYmJt063Yk9K38RvR7gAbQqfXVOjN2CK42%2Fke%2Fwg8qOrnZ1%2FZjSO%2FxZkWtPy0Xdt7t9kJuVDA2EtK4ezcE3SBseOps%2Bgoc0JI1j%2BNkytOrVxxe3J0ItaM8FyAWewZ2dEC%2FYFPBa%2BxU4PK4WhwPGKccI56IHljQd6rv4nwRcuU6n4uL7OA1xmCo3DD1lgCZnpak3M%2BHqrsrRgALeCSg%2Fm%2Fk9v%2F9gB2T%7Ctkp%3ABFBMhLPmnK9l&LH_ItemCondition=3000
ebay_images/image_2_28.png,https://i.ebayimg.com/images/g/-q4AAOSw415nzO-x/s-l500.webp,https://www.ebay.com/itm/267182903643?_skw=furniture&itmmeta=01JNWWSK3Y42ZKD4QB8QRBV8TC&hash=item3e3557915b%3Ag%3A-q4AAOSw415nzO-x&itmprp=enc%3AAQAKAAAAwFkggFvd1GGDu0w3yXCmi1drBg8MsbEYHfeel3mjre6KVRaNQd9lQPFNdk883CQxrMrmfkChrRrDR3bGXqisCFMSKkwidvDuralxOJRZuiVKkQ5vUwXk%2FyDmSkTfU9J6soLPh6Zo8BMYDE%2BueFHeZe6kYakPKwkHwrDERvyrmlUFuaQuUCCt6IQElVYwLEB9JLF0Ds7ZNh3ckhND9CKqeJ5TPqVWEUE1U0Ho2YMcBM6O7TLSFMNc4Mf09nj6QLG23Q%3D%3D%7Ctkp%3ABk9SR6qy5pyvZQ&LH_ItemCondition=3000
ebay_images/image_2_29.png,https://i.ebayimg.com/images/g/n0EAAeSwBRhnzSCA/s-l500.webp,https://www.ebay.com/itm/388054322612?_skw=furniture&itmmeta=01JNWWSK3YW3G2J13GVS173B1B&hash=item5a59d70db4%3Ag%3An0EAAeSwBRhnzSCA&itmprp=enc%3AAQAKAAAA4FkggFvd1GGDu0w3yXCmi1eMXAKKi%2FfxG9NJPetpPahjECOt5Hm%2BtqUJQr2VuDSJ5A%2F3IMy%2B1Hjc6Lzlij5SP%2F1pRZkL%2F5KSzZJkXEY7iNYRXhn33atPG2PHvnJExHsDL%2FBcuPs31VNaWmQb0u%2FFdqP1wDkeFYrVFRQdyiCkwuhb%2FKaWZGAjY8PRR0Yi0cbjiz%2FlCsjTewkD8pz3u0WhoXVzokh9tO%2FBCyjpDclbRQtxRLgeAw%2FrqB60KXlOgWqc9ul%2FHbDFDkyTuoQPtrpbQjH5mDWavj%2BwwqddZhtWxEhP%7Ctkp%3ABk9SR6qy5pyvZQ&LH_ItemCondition=3000
ebay_images/image_2_30.png,https://i.ebayimg.com/images/g/7zIAAOSwZQVmaHSJ/s-l500.webp,https://www.ebay.com/itm/125911508509?_skw=furniture&epid=7039252256&itmmeta=01JNWWSK3YJ4VS7KAN9WV9KSFB&hash=item1d50e9261d%3Ag%3A7zIAAOSwZQVmaHSJ&itmprp=enc%3AAQAKAAAA4FkggFvd1GGDu0w3yXCmi1eYBNKrR7jyzICp3zKUZxydjnyk3fnWqtwZkJDHTxKI1PgHOEyVRGHzTQDrN1lpnDtbIvAqdO5W8b5TzS4FgGsqOR8CZhJNE%2FU1DL99sdSUQu5%2BvrLrXX47oxqKGS2v5pedn9nbTP7gFMGk3URR7dqZpxi%2Bigul4N2hmK4qdVfjcq4CA7ReoFjN2g1GCS8o4VTUNj6Pqt04mWS7aH42ACiiLUALQ1JzN52Dz5q3kN8MK%2FRACXN2uDlNQp6Ij86GKLBwHhPVEBWdIkUKXpQqLATw%7Ctkp%3ABk9SR6qy5pyvZQ&LH_ItemCondition=3000
ebay_images/image_2_31.png,https://i.ebayimg.com/images/g/QmoAAOSwndlnzHgT/s-l500.webp,https://www.ebay.com/itm/356645997468?_skw=furniture&epid=730431853&itmmeta=01JNWWSK3YAJ972ZVWHPCHW68S&hash=item5309c20b9c%3Ag%3AQmoAAOSwndlnzHgT&itmprp=enc%3AAQAKAAAA4FkggFvd1GGDu0w3yXCmi1emuN0cLstjldwGGzPLmLkjqcTABSPMHeNCNVUdY1Z1fngPmesSruCXAUx1OW0UfcUf0PR%2BRbLUMUPz6av%2BNGn3B6UIyHobWvc%2FzC%2BKFWuaXOrrttCVG3MPmWcUj2wl8lSOoHKoVPnGK8WYYGPNFlcpczqj3Y%2BMTzyagdq8eVoI5S6qjM85K%2FfpOEsjhBnDaDIdgywhuCCxf%2Bmt69wq%2BCL8E6YdS9elDAvw44qmQW4Ps92PPGrmkkNhc%2FPRveNmLzYhg3JDs5pcgk8w6JiYP7rR%7Ctkp%3ABk9SR6qy5pyvZQ&LH_ItemCondition=3000
ebay_images/image_2_32.png,https://i.ebayimg.com/images/g/I6UAAeSwGlRnvMme/s-l500.webp,https://www.ebay.com/itm/356605166095?_skw=furniture&itmmeta=01JNWWSK3Y1RTJJZ4DF327W2D1&hash=item530753020f%3Ag%3AI6UAAeSwGlRnvMme&itmprp=enc%3AAQAKAAAA4FkggFvd1GGDu0w3yXCmi1dtjmijq%2FfjrplJN4DaswiS3AU4gfuYTJmYPiBsbl0Xgodex5XZPbmyL1hwOJ7vNZFEQeCQxxPvdWsFK8aKT%2BXCyag8Z1CKVWRIE6iCz0qDlDFzUngSFAh5C7qlTtGsP%2FBMORNKpRlt5bVHc8Nedv2iP7%2BcCo3Nl9TM6e8hAO2S7c3OcAwo2UjvFvguPdfpOdAwq9qOL4Pb%2FtN8bLpwS4snV1jsINJ96q7b%2BMDYC8juxHrDR%2FXve%2FhDiXpGENZR%2FABE4OhfaL%2FPgeDmOTWMQZS9%7Ctkp%3ABk9SR6qy5pyvZQ&LH_ItemCondition=3000
ebay_images/image_2_33.png,https://i.ebayimg.com/images/g/ffEAAeSw2RlnzPqq/s-l500.webp,https://www.ebay.com/itm/197089924148?_skw=furniture&itmmeta=01JNWWSK3Y7YJJY35ZE4KM3J4N&hash=item2de3799434%3Ag%3AffEAAeSw2RlnzPqq&itmprp=enc%3AAQAKAAAA4FkggFvd1GGDu0w3yXCmi1fJyiMFBSh5cHRryFmRW7siX%2FmLqDq5nEXysw9R1suVfwVR5nzLPtawET%2Bg0OmxxxmOofngBdPXwKQRBmwuklTth3CohvEYabb7%2BHs7RbG6umos6MyEk6nRLiSE6aoOOdk5Io8Y%2FXO6HBb3%2Fgc6C9PPnHiGURFrldlLN8KRUuVSRIOj4OBV9nvEOkbucrWbFtWiUlILtYhTYPwdNTQl0rP6y7maxyy2yI4Hp1PxJZfX8NAAHwT%2FQVFDifptKER9bZlLeBpQYbf38fIhI5lYFiow%7Ctkp%3ABk9SR6qy5pyvZQ&LH_ItemCondition=3000
ebay_images/image_2_34.png,https://i.ebayimg.com/images/g/e2MAAOSwX6hnQ6Y5/s-l500.webp,https://www.ebay.com/itm/388000135709?_skw=furniture&itmmeta=01JNWWSK3Y3W71KRS4XV92YMVH&hash=item5a569c3a1d%3Ag%3Ae2MAAOSwX6hnQ6Y5&itmprp=enc%3AAQAKAAAA4FkggFvd1GGDu0w3yXCmi1eReGzreECHMyJgHsI6aLibHzp8wDXj2TudcyWbnsdkD3XrmqoC8anzxBmQ6UVVALYoJsyMf5WcNoY3f7IKQVpTFpNJiiHmG0chkScT6964DaG9MIaPtiVso262SFztR%2FvkOHJ6uv4WTFlgIlBhJTC%2BYgKKfkb0nGe69yoROnBjOvBCD22v2ZtJTydqci%2FKtB81H3ZgFCuJMoOAJruATRdqWWlH5GJFWm9fMgKSpVA7Eeg0Pjc3TqKUuAMeBdNX31AuOt9BroRZfUql6jUJ85kh%7Ctkp%3ABk9SR6yy5pyvZQ&LH_ItemCondition=3000
ebay_images/image_2_35.png,https://i.ebayimg.com/images/g/2JQAAeSw7w9nzROk/s-l500.webp,https://www.ebay.com/itm/388054142053?_skw=furniture&itmmeta=01JNWWSK3YFXAB1V4H5N9KQTXT&hash=item5a59d44c65%3Ag%3A2JQAAeSw7w9nzROk&itmprp=enc%3AAQAKAAAAwFkggFvd1GGDu0w3yXCmi1d6AhwQVzhePCv4D%2BRMw8UGi%2F2k7JACSboy48Ke5pRHAvWhAOa9dugJn1YCIYZfbz9bVNA9YxC3MgFwCbdpGJSlv8jX6Vti1LgvWuSutuKCS1KsUkw6KvdO8utm%2BJ1tFXpOVnGjCVEowHX27up3j1%2BBBg2HgI1bBUFKm5mHYKYuu10c0c9jzBVs%2BuIp4YZUe9%2B431aTqrVrqgQmIeGI3oTGM6uMo%2BMe50EY2w4zQJMv2Q%3D%3D%7Ctkp%3ABk9SR6yy5pyvZQ&LH_ItemCondition=3000
ebay_images/image_2_36.png,https://i.ebayimg.com/images/g/47sAAOSw~-dmmW-W/s-l500.webp,https://www.ebay.com/itm/186584231073?_skw=furniture&itmmeta=01JNWWSK3Y9ZZ5FY7Y12FJ0BHG&hash=item2b71496ca1%3Ag%3A47sAAOSw%7E-dmmW-W&itmprp=enc%3AAQAKAAAAwFkggFvd1GGDu0w3yXCmi1c5qTmWJATIb9zLpzyic87IP%2FYpUT107wEt64fPr7w4qXrgF7DxBP4CX2CYcK56SWLzbfUV%2FKmnNunCwK9nTe%2BVAVG7wWNH237hOgnq5at6Q2VdFQ4LQqfjqI1ZMpl0S9JsLXEsiXhWD%2FVAPtsuROswgnm36c7x1ZVgNUk5t96qz0XtnM7O0tCn%2FtFfYuYMkCFGxNlPANGfuHlFtpT50%2FxZhdDo%2BKdjd1SIcubRDlNnOQ%3D%3D%7Ctkp%3ABlBMUKyy5pyvZQ&LH_ItemCondition=3000
ebay_images/image_2_37.png,https://i.ebayimg.com/images/g/HRkAAeSwHDpnzIaa/s-l500.webp,https://www.ebay.com/itm/126982454129?_skw=furniture&itmmeta=01JNWWSK3YJYRWECYCH9Y2ZH09&hash=item1d90be7b71%3Ag%3AHRkAAeSwHDpnzIaa&itmprp=enc%3AAQAKAAAAwFkggFvd1GGDu0w3yXCmi1eShM7kyPnz4TBiyxA9KWuD%2FyD6CfgLUdxcr8P0TEydjXsOlmeJdRLOUWHTXX%2BQtFT02tQUsH3emJRNAIuF%2Fn5JHBqMr3c5CuLo4Ydi7PaIudspMWr%2F6PEVb0cuVS3lf%2BDeSmhIjxGraJv%2BAOe2lc6DKSkc8V5yqNyRr0iQ3Hd1eOvLYfZ351gjTlaRbU115jVYUBiLoiqDbg8Y7JxjH9senkH%2FA9DDD4YRKQifXWktDQ%3D%3D%7Ctkp%3ABlBMUKyy5pyvZQ&LH_ItemCondition=3000
ebay_images/image_2_38.png,https://i.ebayimg.com/images/g/xT4AAOSw~uxkQmAX/s-l500.webp,https://www.ebay.com/itm/115777306146?_skw=furniture&itmmeta=01JNWWSK3YYA7WSF4WVVGPM20T&hash=item1af4dd7e22%3Ag%3AxT4AAOSw%7EuxkQmAX&itmprp=enc%3AAQAKAAAAwFkggFvd1GGDu0w3yXCmi1fARqxQvjSE7dMN%2BV%2FKLeggUkN5RRYZh3%2Fx8ayZ0%2BOjWOapLdgX%2BfDC0998QN%2F5jGQZ4RC1XuI3CGOxktLNcIl45emYE5JIK%2BJ0vlmTp6%2BlNgU7AqcYOOv8364vnC9EEOpNZ5TW7uvbBF33n2Ozj00aE%2F5eIImi9LDKn3OybElOCnE4uU2RoQ2xhOc%2B5atoZYiqHwBO7tSKPjU1yXHza2NNatO6SE84gegzHNKc88AcXQ%3D%3D%7Ctkp%3ABlBMUKyy5pyvZQ&LH_ItemCondition=3000
ebay_images/image_2_39.png,https://i.ebayimg.com/images/g/Si4AAOSwS4dkLmXX/s-l500.webp,https://www.ebay.com/itm/116374391045?_skw=furniture&itmmeta=01JNWWSK3Y1YJVQ9Q9TXT2F9WS&hash=item1b18744905%3Ag%3ASi4AAOSwS4dkLmXX&itmprp=enc%3AAQAKAAAAwFkggFvd1GGDu0w3yXCmi1d6RWOor76EnILqwAKTfr9EAhdRTLvk3k2UF6BMcCxRDw2PRSEEX9Ke82gAdaFFJSNFtgf37pAwKWM7GiVueCPdX%2Bn5h18aK3ByFAOAA%2F8hhj5%2B9dQMposQAWMlr5gAcy4hSlB8umSKvAJPz6nSv6e9ja%2FzwhJdUwOP86wfuJ36qOb52jMgolxB7ZgsCR7VZlFIx46%2FvejzRQGWPwu21c%2FP%2BhIQXD6zGvGe1%2B5PxbSjRA%3D%3D%7Ctkp%3ABlBMUKyy5pyvZQ&LH_ItemCondition=3000
ebay_images/image_2_40.png,https://i.ebayimg.com/images/g/6ukAAeSw3KpnzMmK/s-l500.webp,https://www.ebay.com/itm/396296806242?_skw=furniture&itmmeta=01JNWWSK3YB2ZS03BJT6RVANR0&hash=item5c45215f62%3Ag%3A6ukAAeSw3KpnzMmK&itmprp=enc%3AAQAKAAAA8FkggFvd1GGDu0w3yXCmi1cJFonQzWV0%2FjUtnMFhrICKkvkjZjDtUDucmdFoWdj1uSOQGl%2FpQHx0j6KN2sisa0X8Kriq3C9vLH8FshvV7oEkwxSnRrTNbtx3jCkhEr7REF416alnKRD7mFNMulqyLTEsey%2F0HHb0ERYikap20vb5CDrDEKUrJKCMZZY7hfyRsB4HY1I6%2BnyxZiWOUBaHa1wtcL3ykRMhPFjvJwAHfn7wiCllKftClsnoWYmjjss7D2%2FscbYQs0Bzi3R%2BqKRD3wr7TYHnGozmasUlBm50Xx3qluWwgAz8Fp9sM4DBEBSeNA%3D%3D%7Ctkp%3ABk9SR6yy5pyvZQ&LH_ItemCondition=3000
ebay_images/image_2_41.png,https://i.ebayimg.com/images/g/rJYAAeSwBWhnyb-e/s-l500.webp,https://www.ebay.com/itm/335848011667?_skw=furniture&itmmeta=01JNWWSK3Y5DA59B0X09PT1H66&hash=item4e3219f793%3Ag%3ArJYAAeSwBWhnyb-e&itmprp=enc%3AAQAKAAAA4FkggFvd1GGDu0w3yXCmi1cwUcMqb8jszLDpOszR%2FN412idVkl%2BkoMsOAtWKmn%2BXJwEaJkdORc9knnOx2C4KEOg%2BStAwuXe2Bn8%2FlLfDzooyvSojJcOpCphlF5JLWhB3jso4pxdBDZGUh%2FM6SvHpthuwVPG%2B6rbINoCFyFzIUD02TMyFBCimnmQyW3MrmsKQhcBzZSSvlIM%2F0XEwTIyQ85KpMAI8%2B%2FR1YIfaPaDZY8sVNTjeulS5yfyNSprG05ClEG1xRN2lfpxkKrgDU62oNDHluwBhH7qAIo1t3rGqABDq%7Ctkp%3ABk9SR6yy5pyvZQ&LH_ItemCondition=3000
ebay_images/image_2_42.png,https://i.ebayimg.com/images/g/c5wAAOSwdp1nuywr/s-l500.webp,https://www.ebay.com/itm/226614495964?_skw=furniture&itmmeta=01JNWWSK3YEH3YCDWP67ZW01CT&hash=item34c346cadc%3Ag%3Ac5wAAOSwdp1nuywr&itmprp=enc%3AAQAKAAAA4FkggFvd1GGDu0w3yXCmi1eL3H%2FEUBqd7pHgSbG3Pqu1YAmhS7n%2Ff%2BWybLcbxW4ekaogpzls9dt2%2FPJXYOaOvrbErXluO2a1l9GGv0LSIfqOcH9gk%2BD59NZmm0brDIyHMr%2Fea1VFVLHD69fEvXQRar3VmJys%2F1O4Y3ce7SavV1l2w0LWBTI7wTHwbSLb0PEz3KNLFalMI771dVz49g1KqAPnd4xZWuPe2DG1H09AyYlnajjMNgMQrZKVEp3ww9VXYy2CboZQN%2B3hOALBBMm%2BLTUYPzrL3QgFvDmmNLUP3lGN%7Ctkp%3ABk9SR6yy5pyvZQ&LH_ItemCondition=3000
ebay_images/image_2_43.png,https://i.ebayimg.com/images/g/U8AAAOSwHehntphj/s-l500.webp,https://www.ebay.com/itm/146402576931?_skw=furniture&itmmeta=01JNWWSK3YDHS1DDYCBJ4RV5X3&hash=item2216460a23%3Ag%3AU8AAAOSwHehntphj&itmprp=enc%3AAQAKAAAAwFkggFvd1GGDu0w3yXCmi1eNjoKu9RfCzs7Nf0H7fsff4WDwffDus5alXMTeIWjauXA0ES2hOVKShCvS5bIdBXYYUY8ojR%2Bkz2K4z5clYtIUJLIAH4ykqsASvB6ccEgNtazW%2FL9UNzRaKzPr98UaX%2FfAmE7ynJJLgOjUlKH%2FYYcs%2BIX6YrytbI0dp7VprP835glDoAbdAvQqZsnI1mVQS5RYv0MkvIeqahVsZBFvgl9Q%2BbmMwhLdYoJRR9ZCNX4FCg%3D%3D%7Ctkp%3ABk9SR6yy5pyvZQ&LH_ItemCondition=3000
ebay_images/image_2_44.png,https://i.ebayimg.com/images/g/hrsAAOSwcVNnzQle/s-l500.webp,https://www.ebay.com/itm/235995978156?_skw=furniture&itmmeta=01JNWWSK3YDYFCWWE69547A30B&hash=item36f274d9ac%3Ag%3AhrsAAOSwcVNnzQle&itmprp=enc%3AAQAKAAAA4FkggFvd1GGDu0w3yXCmi1eyhdl8oxFzGI1wLLHU7uiRRVwjYbry61QF71sU2mbdoikIQmv%2BdZp3QoHu6TMhZ559rjoRpEZp78aPQemZ57O%2Bz3p1nMSG0j3VLRYy9VWSRrfutp8r8OuYmhbyJzfgK2ScWH7v%2FnUU%2B4DmW2SBIyruw8XBtCECaMtac4%2BJQRk4D0BtCHPDXlMThZt34ROc4aTwbTDquo5AhpE%2BfbbXjIOLmL0d42pNNAYMLEuzu5zLmBmShCeqh6Yjw7A1Yp1%2F%2BKJwhn51gfrZ9V054qX4dcv%2F%7Ctkp%3ABk9SR6yy5pyvZQ&LH_ItemCondition=3000
ebay_images/image_2_45.png,https://i.ebayimg.com/images/g/spwAAeSw0D9nzTON/s-l500.webp,https://www.ebay.com/itm/405625764262?_skw=furniture&itmmeta=01JNWWSK3ZMX3XTHGXVTHEVZ41&hash=item5e712df9a6%3Ag%3AspwAAeSw0D9nzTON&itmprp=enc%3AAQAKAAAA4FkggFvd1GGDu0w3yXCmi1dQcMWQWl4D%2BhKWcSjio1EMPE5jpuUK0aIa1IwRSNmOqqlaHV42vNAzE86HWxOir0CrLXzZOHPGEcP1ke2FIsWmjnE9kxc4VIj8vsLeiyChKApH%2B%2BpWYhdAeKZqs3fKYoZ31GTv7GFc1I%2Fcjz37cgYLR4mGAcmj8LABUk%2BHkJM%2B7cdTZLGYhMdKKqwYn6zbF%2Fx6IFedyxike7p9pqshTxLQ4vIPnQNugabYpYV3LXEV7GM6Lm0xwRQhDV4QvVplrQcD%2BSRES3a7HjrN%2B7OLCsuI%7Ctkp%3ABk9SR6yy5pyvZQ&LH_ItemCondition=3000
ebay_images/image_2_46.png,https://i.ebayimg.com/images/g/p7QAAOSwRTdmtUDz/s-l500.webp,https://www.ebay.com/itm/335523085093?_skw=furniture&itmmeta=01JNWWSK3ZAS8W5QTDDFB2AYKP&hash=item4e1ebbfb25%3Ag%3Ap7QAAOSwRTdmtUDz&itmprp=enc%3AAQAKAAAAwFkggFvd1GGDu0w3yXCmi1dtBHxL0XcqqFa5HGxViGvuuMQ3aRXEAVm36ctjOhMHPRgcu2BToAto9ZUKechXqXf2kOIoHnb6CBX122%2BuuoJkeFXA64TgaxoV2huLK3iVHdv5MgyEfxfU1rkHBp8nwHTZv5oT1d6jkJhfsfLM0Al4weoUPs60uLQSnxZYTLvnjPHc490eMNeVvzwijg3n4CV%2FwJiiUJNVobQIFcvBYXccs0K5218W9QVUQg8kIsoSCQ%3D%3D%7Ctkp%3ABlBMUKyy5pyvZQ&LH_ItemCondition=3000
ebay_images/image_2_47.png,https://i.ebayimg.com/images/g/QMMAAOSwSN9nN3a8/s-l500.webp,https://www.ebay.com/itm/256717283532?_skw=furniture&itmmeta=01JNWWSK3ZJXWMTKZXJ982NP6T&hash=item3bc58ae0cc%3Ag%3AQMMAAOSwSN9nN3a8&itmprp=enc%3AAQAKAAAAwFkggFvd1GGDu0w3yXCmi1fZbwndbRO588c6izQnrrH7FhItlJzUsQDJueHi4CzHp%2B6PL--QlYXPJRtvWo5ExBFRVjF9ED3Zweqc5mMbSRfs7DlsQISozhJ%2Fhdmk2VQ8ZiLZN6NoOQg4TUS75TrIy8DK2pfYHJ96%2FRRZ8CROyzRh1%2Fc6KacWIY9SUb0hv%2BDUzyelI9PeSovznK7ueCEwXVJObo%2FriPk4orMeqhNOEY5o88gwpZdPnKbpqPoPPN%2BfkQ%3D%3D%7Ctkp%3ABlBMUKyy5pyvZQ&LH_ItemCondition=3000
ebay_images/image_2_48.png,https://i.ebayimg.com/images/g/9LIAAeSwzfxny1Ka/s-l500.webp,https://www.ebay.com/itm/267181523921?_skw=furniture&itmmeta=01JNWWSK3ZAFAKF3D8HQCY8NDE&hash=item3e354283d1%3Ag%3A9LIAAeSwzfxny1Ka&itmprp=enc%3AAQAKAAAA8FkggFvd1GGDu0w3yXCmi1dzTuCi2P%2Fa7SUza78ElGhLChQ4z79wTaPH%2Fahg2feruXOHy2UeAeoZjV9En13a%2Bmdy731TJkHRabjfVtrRSHRbcbohmOPUYuqHnZG6Hjmgu0Vf4%2BDCw%2FYaZxLqOBX%2B6TDeyPvJKRJnwyd%2BSj69hxPw%2FDlkB9Qh%2F3k2dy54fCWL5uXbMs8%2FeOMxduJpt6LKtSMIF4hHJcMOuSCWgBmPU9B73Byz7xt6Q0OGx26NAGVF9tWRHjJndQfjb75l%2FyJ%2FZd1jyvnnRQoGnU4FJkghFRWsSrjQAATjMvWcRIPk01uLWg%3D%3D%7Ctkp%3ABk9SR6yy5pyvZQ&LH_ItemCondition=3000
ebay_images/image_2_49.png,https://i.ebayimg.com/images/g/O5EAAeSwBX9nx2ZG/s-l500.webp,https://www.ebay.com/itm/187028814174?_skw=furniture&itmmeta=01JNWWSK3ZX13CYPCX85RSA9MS&hash=item2b8bc9395e%3Ag%3AO5EAAeSwBX9nx2ZG&itmprp=enc%3AAQAKAAAAwFkggFvd1GGDu0w3yXCmi1e4q0wSBtAhlmTAXqsIIBEWc4rFYwWdUuVhuOAjoQvwtqa71af41RPbvdn89Z0ciQsWnUu9ZSTaUHAn5X4ix5vLGQG%2BKj%2BFlOnE3Qx%2FAugm8EQSNS9ZmUqAIFAtMbqL%2Fy6XfukP3dxDQK4%2FZuKnV%2FqMa%2BpKfs9PocZtjldVKKkEZB1P0RmaiQkhovJ7KkdePmrbslQAQDAlk5SY4Q2L0zf2vtbnMdQ%2BgGCgXYxi3fE5pg%3D%3D%7Ctkp%3ABk9SR6yy5pyvZQ&LH_ItemCondition=3000
ebay_images/image_2_50.png,https://i.ebayimg.com/images/g/up4AAeSwd1dnzKMs/s-l500.webp,https://www.ebay.com/itm/156776494928?_skw=furniture&itmmeta=01JNWWSK3ZS5H50KBRF7ZP245W&hash=item24809b7750%3Ag%3Aup4AAeSwd1dnzKMs&itmprp=enc%3AAQAKAAAA8FkggFvd1GGDu0w3yXCmi1eZyDz6oE7g3lMvQzEBuJoOHbycvftZ%2F5Uk0e3j5eTlLu87FntF2%2FlHAdIalm%2F3lkmxfwwlapCvFQ1fMqcRex6jAqop5MVlKxWDZe6b%2Bf2tWJ9WfVwkEnuKmB1VUf%2FhS8HxZreA7n%2FJt2DBMu65DdZC5hRwMSQlQyRMRN%2FPKN29fTnjmcm5kMM2CAkqZz%2FeU5y0FG2ogVerUiKfezxEzUex3tw2UEilnXINGJ1B0oq88feDc8prGS48WWWFwWYijyAEXiba%2FAVFdXe6ITpVRkl%2FlPlYqQpFhSB%2FLM%2BXEYjrTw%3D%3D%7Ctkp%3ABk9SR6yy5pyvZQ&LH_ItemCondition=3000
ebay_images/image_2_51.png,https://i.ebayimg.com/images/g/InIAAeSwaGRnzFm3/s-l500.webp,https://www.ebay.com/itm/276930513356?_skw=furniture&itmmeta=01JNWWSK3ZCEXTPZQNDMJGECFY&hash=item407a5849cc%3Ag%3AInIAAeSwaGRnzFm3&itmprp=enc%3AAQAKAAAA0FkggFvd1GGDu0w3yXCmi1e2C0%2BptqfZIGokDwq86CIGQnQ%2BNkCLGzQ2VLu%2FWnd4e9D7iqOA8WPqTuvzE1VvTHHjBJN6UE0ikXHn8k10D8b8RNU0iMZU57xP6146iPZmtkCQ1mWirFEpk5bQlNcNXYcJCcLWC0CkLCB8J8RMfeQ0toG0wkJ6%2Fh9PL8F6L48USKblW6L%2FnJd7Rd%2FHWk5rMdDsrf0%2FRhYYM9Z1HIC0nCrqKgQ41cp9XBiGsdIU8449jCpSlsp%2BQkCV9LbYrl8iHfk%3D%7Ctkp%3ABk9SR6yy5pyvZQ&LH_ItemCondition=3000
ebay_images/image_2_52.png,https://i.ebayimg.com/images/g/eawAAeSwVRxnzQVa/s-l500.webp,https://www.ebay.com/itm/335852205861?_skw=furniture&itmmeta=01JNWWSK3ZF08BKAZTSBTQ5EA7&hash=item4e3259f725%3Ag%3AeawAAeSwVRxnzQVa&itmprp=enc%3AAQAKAAAA4FkggFvd1GGDu0w3yXCmi1c5cfKv86HjImUJfaxWLDdcSkGXTyrSZPsbXqKKC8f6P%2Bn9xzk%2FP9tObDbNjk0%2FtmWn%2BJiRkM8Wnn9cG8Lp6YN1juhAT0%2BpVVkIfkaFaxuAJZkByo63tNC7ApUNg%2BaoND7qGN6X07aOjelyVQ%2Bb5sEXGj1kbcYy%2B5JEbm7A99TUdzaP1HWUnftemUnhUJRBW9MKRkV8Pd7NvkCCUnQGGBvdYK463nPmbbD0c6JBLXKV3xUnBpfCbwUODqFYA7%2FKC1aSRR9KTHppBONLKdYSe2jo%7Ctkp%3ABk9SR6yy5pyvZQ&LH_ItemCondition=3000
ebay_images/image_2_53.png,https://i.ebayimg.com/images/g/pfgAAeSwaAlnzQPG/s-l500.webp,https://www.ebay.com/itm/205341396932?_skw=furniture&itmmeta=01JNWWSK3ZVA6XYHQ8Y5YAZG0S&hash=item2fcf4d0fc4%3Ag%3ApfgAAeSwaAlnzQPG&itmprp=enc%3AAQAKAAAAwFkggFvd1GGDu0w3yXCmi1cnIOrhMxd4lEuu%2BnfE6cONCmZ4siY3cQUwkbEpVCLxYW%2Bg%2Btu3T%2Bhq6fcuK%2FdjDdwKKtDpj5B6VL7RUmUfbrxOZuyHf66C6lFK6jACfiD0HDgeBkK0ZjTEslNk5D%2F4LyCxbh6C%2BSzX7zgLyNC12u9CL0LhKXkybCorUbjhGIJG%2BU%2FI95iIYyJa1GrQOGyoA6XDvqort%2FjwAigDnSYe7LmPeKNcSnDQAvbXcRasm3d9jw%3D%3D%7Ctkp%3ABk9SR6yy5pyvZQ&LH_ItemCondition=3000
ebay_images/image_2_54.png,https://i.ebayimg.com/images/g/kLMAAOSwI1hmS0SH/s-l500.webp,https://www.ebay.com/itm/235572787122?_skw=furniture&itmmeta=01JNWWSK3ZZ5MYWW6D7B86CQ33&hash=item36d93b77b2%3Ag%3AkLMAAOSwI1hmS0SH&itmprp=enc%3AAQAKAAAA4FkggFvd1GGDu0w3yXCmi1e1SdlEEOLAlO%2BY8NdGh8Inz2iBp%2Bxqn5WAMYzMkEMGL1ljwyEwB85pwJOZAN%2FVKIJStTdOBcovyfMQW5SLmPIUIFck9V7mOa9imqKPqqHV6D4Bw7tbjEPq5Zg57G%2FqIndBxdtF25TambncWf6x%2BM8Ptk4eTtItc02idoaPd8PyMVWkm6sj6LGfIsPyx1wWwqxw0qchvKwu0V%2FGOTc0o8ta6XgvQi%2B3Geh8w5zT6GNeI1ZAaEijrYyoUlzto6Pf8c0kYsQppQOzQR%2Brs%2FU7DFhl%7Ctkp%3ABk9SR6yy5pyvZQ&LH_ItemCondition=3000
ebay_images/image_2_55.png,https://i.ebayimg.com/images/g/DSYAAOSwX-pnzL5O/s-l500.webp,https://www.ebay.com/itm/267182739813?_skw=furniture&itmmeta=01JNWWSK3Z6N57SJ1PQN58FZM6&hash=item3e35551165%3Ag%3ADSYAAOSwX-pnzL5O&itmprp=enc%3AAQAKAAAA0FkggFvd1GGDu0w3yXCmi1ftFuf%2FPoicE%2FjCq42%2FrM2znwvl9U1K9I9eBuUXg3fsMOi1bT9jSCM5GZWQPznsmrZVtVqjWdNptKHxxlFw%2BWFbfneoV3iQEPudZEj%2B%2FppU810rNLhpzrBjDiQvwmM7iMdEiLEF7AAcIXLCvjeeCSSYBDdfIiJ6BD6JDRtZSm5U0hE%2F3g6vElkqtGtLfZE3cR7nIIHn%2FHcz1dqKe0fIgFx%2Bg5I%2B7%2FWwji%2F6OYGN7412lBCiBYM%2FEggStSD1LYN34TI%3D%7Ctkp%3ABk9SR6yy5pyvZQ&LH_ItemCondition=3000
ebay_images/image_2_56.png,https://i.ebayimg.com/images/g/Rg0AAeSweutnzS9q/s-l500.webp,https://www.ebay.com/itm/388054401975?_skw=furniture&itmmeta=01JNWWSK3ZPZYTAG3PBD96E81C&hash=item5a59d843b7%3Ag%3ARg0AAeSweutnzS9q&itmprp=enc%3AAQAKAAAA4FkggFvd1GGDu0w3yXCmi1dv0ebDJEDgfIb8x5WwHZFoVOloJzgHBXH9zI9zQinkI8BSTQQfj%2BzzGQ7NO1OmnXj1tcye3g5YyW%2FP2qXjPEFF1ir93FUXws77p%2FbnBhvqbQa6AWETl3awhjBclxTKoX4WIgJav1D33Ifjah9WA1Xk8gXXSVEecdDaadxeQARi9xh9cmtge%2FsM7LmO2u4Q9VvYU9Hytpvx4pGhHH8boOfsl8obB6s9adJRmmu4bp0dnGDNbMTPupwA4I6xjTzx%2FtPSLkHYoquWo7p08bAo505A%7Ctkp%3ABk9SR66y5pyvZQ&LH_ItemCondition=3000
ebay_images/image_2_57.png,https://i.ebayimg.com/images/g/tN8AAOSwj9RnzK01/s-l500.webp,https://www.ebay.com/itm/316466107464?_skw=furniture&itmmeta=01JNWWSK3ZYK2N4WRMN4VTNJAT&hash=item49aed99448%3Ag%3AtN8AAOSwj9RnzK01&itmprp=enc%3AAQAKAAAA4FkggFvd1GGDu0w3yXCmi1c4bo9Gt6A0SoDI5Og%2Bw4HggXwCnn5HJJo%2BitUZWdMBu37RHiqVCISepn2mMI7FUaqxZqc1h4QeXz0WF4ZKgXcz55eEswp%2FCjicJ4pIYWstsDA21gdw0nusafZxZy%2BWQfzxcZHtRWcWitmKmudVHwiqPuBo6qzbVB%2F7KHSXcOzDm09eAP0vQPvEB6eGAHJWAqb8MeBJrX4nG3%2BMYvTJyK068tsTjfcY780s5NNeX5uu8PeC5XfVisi3RiATc0BdZLLZV9JoP1hYJe9PtSTiksn6%7Ctkp%3ABk9SR66y5pyvZQ&LH_ItemCondition=3000
ebay_images/image_2_58.png,https://i.ebayimg.com/images/g/b6cAAOSw101mIXRl/s-l500.webp,https://www.ebay.com/itm/285820063253?_skw=furniture&itmmeta=01JNWWSK3ZFS3P65B91SXD19PK&hash=item428c340e15%3Ag%3Ab6cAAOSw101mIXRl&itmprp=enc%3AAQAKAAAAwFkggFvd1GGDu0w3yXCmi1cOcvV35e122LYuSj0AHeH9%2FNoXPBG%2F8BSqjJnvlDRxzhj1rMeG8kQVI5w7--5f%2FqxKNOAy6ASywY5olAXYyS9O%2BuqwX39Lf%2BKHjZHlcWslCOe6DzLEOkoEFfLL%2Fxte6fX9Wl%2FWWq%2Fb2%2BVu2Hy6GoJc8WknDBbn3aPEC5bPqRwQxSBHJqmmXYcgG4DDgMRjwN3ONYspiWZQgPx6Y7U9qlB1xZn9iIvSPj5OslFywgwMKg%3D%3D%7Ctkp%3ABk9SR66y5pyvZQ&LH_ItemCondition=3000
ebay_images/image_2_59.png,https://i.ebayimg.com/images/g/WVEAAOSwdgtnrN7b/s-l500.webp,https://www.ebay.com/itm/167310952489?_skw=furniture&itmmeta=01JNWWSK3Z66QJJZ89EW34WQMH&hash=item26f4828829%3Ag%3AWVEAAOSwdgtnrN7b&itmprp=enc%3AAQAKAAAA8FkggFvd1GGDu0w3yXCmi1ciJU4HIzB8GPdb02xoCIOkGchVPo0HZGDrhn6WF3AA8pvjxCqMjNiBiEktM5y8eDb3BGjb9lRVK8msaVCeX%2BJPbORkFOOvD2ulEDmL3pBdivG1Ref801WAZj7hRsS4kf21R9Lhi%2Fr9NCgsm4hpY8%2BL8mYQN8Wg%2FpuBia6l75KeNnfoL%2BV%2B3QfFMkNRDdd8SqbeKn62QC9V7dFPfOgacv2prM0ovkvKEC%2BV5on1XB2FjFCQ0zvgtTxzhhJs6LnrOH3s9aKGNeTK8FXNgf8h4vFA4TQUUwrtwZaxhkdtgJgDPg%3D%3D%7Ctkp%3ABk9SR66y5pyvZQ&LH_ItemCondition=3000
ebay_images/image_2_60.png,https://i.ebayimg.com/images/g/2foAAeSwlT1nzL2Q/s-l500.webp,https://www.ebay.com/itm/297095439630?_skw=furniture&itmmeta=01JNWWSK3Z668T7YCW9F2TC3DW&hash=item452c44a50e%3Ag%3A2foAAeSwlT1nzL2Q&itmprp=enc%3AAQAKAAAAwFkggFvd1GGDu0w3yXCmi1d%2BpvK2diY3vJj79YyKW1zXmv%2FyVQD6M7TReLpH%2Fh1ju4f8P7HraiPUkmfzyQxtHQiFsTHvjQB83VaCZoTnSp1z46NQdeuFbU5FYPemLJssYj%2BayeTg5FkQrgchpDt6VPtngO1l9EcGcOsvTPg8WxUquLXx1mFqzJTnyz1OJSMloBUuiy59R%2Br7BHInEDQerhaYn04Cc5PnDd4231QYbP7ZcmyF60XvTYFubMwGdti1yg%3D%3D%7Ctkp%3ABk9SR66y5pyvZQ&LH_ItemCondition=3000
ebay_images/image_2_61.png,https://i.ebayimg.com/images/g/7ecAAeSw2MxnzLoj/s-l500.webp,https://www.ebay.com/itm/156776417445?_skw=furniture&itmmeta=01JNWWSK3ZDCYTS04MB98QB22M&hash=item24809a48a5%3Ag%3A7ecAAeSw2MxnzLoj&itmprp=enc%3AAQAKAAAA4FkggFvd1GGDu0w3yXCmi1dZoMt%2FBmD1L64YU10y6EM0f1MLTuZS7QplK%2BYYSz7MeorKB8iN2Ulp7wTggFs0r0sAjwup2%2F7sJFu3zTsUVrUzwnYlvLs6S8r1KKXZR%2BPOrH%2BHo6g1mU25zhu6Io0TXYO8ALMWO1szzaTRFB2eXOXOBnevy%2F0Q9AHPMSRWaDbdc4%2B3sWCljfKc3Z2%2FWMAVruI%2BaWYImlIP7q1VErjXS6iRN491IxKDyhPPfJ6BezbhoryyStvd1M%2F35UsgpGdqVAgYLdrMCRZe1W27m6M4F5Ue%7Ctkp%3ABk9SR66y5pyvZQ&LH_ItemCondition=3000
ebay_images/image_2_62.png,https://i.ebayimg.com/images/g/RaMAAeSwpbBnzOI1/s-l500.webp,https://www.ebay.com/itm/176906107135?_skw=furniture&itmmeta=01JNWWSK3ZE8E6DQSV1W6WCC4R&hash=item29306cf8ff%3Ag%3ARaMAAeSwpbBnzOI1&itmprp=enc%3AAQAKAAAAwFkggFvd1GGDu0w3yXCmi1ccL%2Fm6P28DEypEqCPSQ2aspuMYM1y5eCcQdxZ9EA%2BP7oPjPhPGvcZ98VUtEm6hbgr05BqWey9PSk8FYKi%2FHBHVFU9IvGJ6txxJvSUWmIeDVXAgBcFAOSrqa1zzKggPfa0NFHGRQyDiCGbSm06o0TJyeA4NVOtMJNv0yXNojaMKwKV3%2Bn6W%2FtTonoQFcLrvZtlbWoZ2rsvcMEuL%2FujPxndbWAi5MUgxc8OcEQDLXHX3%2FA%3D%3D%7Ctkp%3ABk9SR66y5pyvZQ&LH_ItemCondition=3000
ebay_images/image_2_63.png,https://i.ebayimg.com/images/g/T48AAOSw4G1l2I4m/s-l500.webp,https://www.ebay.com/itm/286294827089?_skw=furniture&itmmeta=01JNWWSK3ZFT35JM6BCFM63C7R&hash=item42a8806051%3Ag%3AT48AAOSw4G1l2I4m&itmprp=enc%3AAQAKAAAA0FkggFvd1GGDu0w3yXCmi1fxZQnQY6x9hnwv%2Bd2fmhP1qBMpI2FzeAsj34acGXnQ0vPr%2FMD6lGHwsaUbw%2BFz2F%2BY20GPM7Gdkb8KQhpcqjRTntvK4%2F1XHRXKlBj5KcEuRiQBT7tu0S%2Fz9va1DX5ycggCiYdDmFrLAObJ9jufnodAgXwrguRj31%2BqqN1qWiWC7qp987uKiTteXArpK%2BZPQ1hpwj2ARgH685VCNopsZTIHWErMkML6%2B1Zgehh%2F6YrJJytgc8tBX7%2BFe%2BT4uez6AtY%3D%7Ctkp%3ABk9SR66y5pyvZQ&LH_ItemCondition=3000
ebay_images/image_2_64.png,https://i.ebayimg.com/images/g/7dEAAeSwfaNnzMR3/s-l500.webp,https://www.ebay.com/itm/396296746753?_skw=furniture&itmmeta=01JNWWSK3ZA3F0S6B9SPZ70M6N&hash=item5c45207701%3Ag%3A7dEAAeSwfaNnzMR3&itmprp=enc%3AAQAKAAAA0FkggFvd1GGDu0w3yXCmi1cgufVNXieevd0TYOB8YeJtFMJjoJdYsbzt02Qd3n01lsY4NVJYOdF22iCqqGFPFKASHRBBxD7mnZLzRUO1tLdwGeyjdvNWRQkhCWMez0G2C7guDkKNdu4L0bTBU5p%2BbLzi%2Be6AhSHDqd%2FbBfmT%2Blxg%2BwgvYRCV7OBoia9zWVaWZxtZ5IYYDoD7Bl%2FbiYf9g8OZY5sRWZtX3G061q3bbuWbwyBi%2FXl6foHaUl%2FzWUJn6d81qc5zlFHX5iDjSHY5VYU%3D%7Ctkp%3ABk9SR66y5pyvZQ&LH_ItemCondition=3000
ebay_images/image_2_65.png,https://i.ebayimg.com/images/g/RIEAAeSwsB9nzN~U/s-l500.webp,https://www.ebay.com/itm/167364424674?_skw=furniture&itmmeta=01JNWWSK3Z1YQHJJ5Y8D9ESZHE&hash=item26f7b273e2%3Ag%3ARIEAAeSwsB9nzN%7EU&itmprp=enc%3AAQAKAAAAwFkggFvd1GGDu0w3yXCmi1fDYqiC1X3N4IPTqcF0Ch9waSl1VIjJBpnQibN7%2BG7I6OvbUt0ZMt77tNmIaGBf4jdizFIuuaGNoAVY9syFX8J6j5blqqH%2FjjbDty2Ctz8%2FK66knK9Sal341SWlOWdD%2BoPuAaRP%2FfeWMFA%2B1yoGt1laPIR%2FKbZ9%2FdNeCJkmgtmDfqf%2FsgSUQeWZUcTHDNE7PpMSzWZS4W7vVAXq%2BiuN8l4jFDp%2BFp9mLDieKeFSGnG5SQ%3D%3D%7Ctkp%3ABk9SR66y5pyvZQ&LH_ItemCondition=3000
ebay_images/image_2_66.png,https://i.ebayimg.com/images/g/ahkAAOSwl0xnfEsk/s-l500.webp,https://www.ebay.com/itm/126869998487?_skw=furniture&itmmeta=01JNWWSK3ZJRQTH1TTBJ1CCQNX&hash=item1d8a0a8b97%3Ag%3AahkAAOSwl0xnfEsk&itmprp=enc%3AAQAKAAAAwFkggFvd1GGDu0w3yXCmi1fS9g4UxW1bJDSVY%2FFKMUR7iDT%2FiqkaQK1IIego%2FSR3lYfPPWMGA5j7LRidUIkCvkiwtNBaXk7tBE%2FD%2BWSmnuajtsvCBu7uKRtjtXk48BPY4KjpBtml0ifpKepb0EMAgl5L25HpScrr4mEmro5%2FX%2F4dGDk8WpxdTjt197exjDRkATA%2Fa9fI3CIk2T9yh8yP637u1F0Tj%2B5zm58dLlRGJC5KDtgAsaFG5ZNAHLyEVNY4LA%3D%3D%7Ctkp%3ABlBMUK6y5pyvZQ&LH_ItemCondition=3000
ebay_images/image_2_67.png,https://i.ebayimg.com/images/g/Xn0AAOSw4ORnnlAC/s-l500.webp,https://www.ebay.com/itm/256801544272?_skw=furniture&itmmeta=01JNWWSK3ZSZWZP97B6VN19KMV&hash=item3bca909850%3Ag%3AXn0AAOSw4ORnnlAC&itmprp=enc%3AAQAKAAAAwFkggFvd1GGDu0w3yXCmi1cnOXTeU6h%2FfZsawm1um7TtYFOlqtlfFwDtLjjStRBM2pUm%2Fc%2FCyidKH7j%2BnNRIRn6BD%2BkNmKHGwvtZJzXDmLmcCBjJW3c3QxEWgMfaM6VmYGG8%2FhOL%2FNt%2Fi1AftyRWObIhr6gZ7LFVS2LVO3AazfkEFAhMKWg88FhlMhkPLhf6jNH0yH0W6nw%2FkzmOQibG%2FeUHob2WHVI3kRlt9CEX7vzu%2F2NCJwvhiwOxuZDCFq7JPA%3D%3D%7Ctkp%3ABlBMUK6y5pyvZQ&LH_ItemCondition=3000
